rowID;date;department;team;targeted_productivity;smv;wip;over_time;incentive;idle_time;idle_men;no_of_style_change;no_of_workers;actual_productivity
1;01/01/2015 00:00;sweing;8;0,8;26,16;1108;7080;98;0;0;0;59;0,940725424
2;01/01/2015 00:00;finishing ;1;0,75;3,94;NaN;960;0;0;0;0;8;0,8865
3;01/01/2015 00:00;sweing;11;0,8;11,41;968;3660;50;0;0;0;30,5;0,800570492
4;01/01/2015 00:00;sweing;12;0,8;11,41;968;3660;50;0;0;0;30,5;0,800570492
5;01/01/2015 00:00;sweing;6;0,8;25,9;1170;1920;50;0;0;0;56;0,800381944
6;01/01/2015 00:00;sweing;7;0,8;25,9;984;6720;38;0;0;0;56;0,800125
7;01/01/2015 00:00;finishing ;2;0,75;3,94;NaN;960;0;0;0;0;8;0,755166667
8;01/01/2015 00:00;sweing;3;0,75;28,08;795;6900;45;0;0;0;57,5;0,753683478
9;01/01/2015 00:00;sweing;2;0,75;19,87;733;6000;34;0;0;0;55;0,753097531
10;01/01/2015 00:00;sweing;1;0,75;28,08;681;6900;45;0;0;0;57,5;0,750427826
11;01/01/2015 00:00;sweing;9;0,7;28,08;872;6900;44;0;0;0;57,5;0,721126957
12;01/01/2015 00:00;sweing;10;0,75;19,31;578;6480;45;0;0;0;54;0,712205247
13;01/01/2015 00:00;sweing;5;0,8;11,41;668;3660;50;0;0;0;30,5;0,707045902
14;01/01/2015 00:00;finishing ;10;0,65;3,94;NaN;960;0;0;0;0;8;0,705916667
15;01/01/2015 00:00;finishing ;8;0,75;2,9;NaN;960;0;0;0;0;8;0,676666667
16;01/01/2015 00:00;finishing ;4;0,75;3,94;NaN;2160;0;0;0;0;18;0,593055556
17;01/01/2015 00:00;finishing ;7;0,8;2,9;NaN;960;0;0;0;0;8;0,540729167
18;01/01/2015 00:00;sweing;4;0,65;23,69;861;7200;0;0;0;0;60;0,52118
19;01/01/2015 00:00;finishing;11;0,7;4,15;NaN;1440;0;0;0;0;12;0,436326389
20;03/01/2015 00:00;finishing ;4;0,8;4,15;NaN;6600;0;0;0;0;20;0,988024691
21;03/01/2015 00:00;finishing ;11;0,75;2,9;NaN;5640;0;0;0;0;17;0,987880435
22;03/01/2015 00:00;finishing ;9;0,8;4,15;NaN;960;0;0;0;0;8;0,956270833
23;03/01/2015 00:00;finishing ;3;0,75;3,94;NaN;1560;0;0;0;0;8;0,945277778
24;03/01/2015 00:00;finishing ;1;0,8;3,94;NaN;960;0;0;0;0;8;0,902916667
25;03/01/2015 00:00;sweing;1;0,8;28,08;772;6300;50;0;0;0;56,5;0,800725314
26;03/01/2015 00:00;sweing;3;0,8;28,08;913;6540;50;0;0;0;54,5;0,800322936
27;03/01/2015 00:00;sweing;8;0,8;26,16;1261;7080;50;0;0;0;59;0,800318644
28;03/01/2015 00:00;sweing;12;0,8;26,16;844;7080;63;0;0;0;59;0,800318644
29;03/01/2015 00:00;sweing;11;0,8;11,61;1005;7080;50;0;0;0;29,5;0,800237288
30;03/01/2015 00:00;sweing;5;0,8;11,61;659;7080;50;0;0;0;31,5;0,800148649
31;03/01/2015 00:00;sweing;6;0,8;25,9;1152;6720;50;0;0;0;56;0,800125
32;03/01/2015 00:00;sweing;7;0,8;25,9;1138;6720;38;0;0;0;56;0,800125
33;03/01/2015 00:00;sweing;10;0,75;19,31;610;6480;56;0;0;0;54;0,787299691
34;03/01/2015 00:00;finishing ;2;0,8;4,15;NaN;960;0;0;0;0;8;0,782447917
35;03/01/2015 00:00;sweing;2;0,75;19,87;944;6600;45;0;0;0;55;0,75024303
36;03/01/2015 00:00;finishing ;10;0,7;4,15;NaN;960;0;0;0;0;8;0,7018125
37;03/01/2015 00:00;sweing;4;0,7;23,69;544;13800;0;0;0;0;60;0,700134038
38;03/01/2015 00:00;sweing;9;0,7;28,08;1072;6900;40;0;0;0;57,5;0,699965217
39;03/01/2015 00:00;finishing ;8;0,8;2,9;NaN;960;0;0;0;0;8;0,628333333
40;03/01/2015 00:00;finishing ;7;0,8;3,94;NaN;960;0;0;0;0;8;0,6253125
41;04/01/2015 00:00;finishing ;3;0,75;4,15;NaN;1560;0;0;0;0;8;0,991388889
42;04/01/2015 00:00;finishing ;9;0,8;3,94;NaN;960;0;0;0;0;8;0,931645833
43;04/01/2015 00:00;finishing ;1;0,8;3,94;NaN;960;0;0;0;0;8;0,915229167
44;04/01/2015 00:00;sweing;6;0,8;11,61;539;6975;50;0;0;0;31;0,879714482
45;04/01/2015 00:00;finishing ;4;0,8;3,94;NaN;6600;0;0;0;0;20;0,861679012
46;04/01/2015 00:00;sweing;9;0,8;26,16;1278;7080;60;0;0;0;59;0,850569492
47;04/01/2015 00:00;sweing;7;0,8;25,9;1227;7020;60;0;0;0;56,5;0,850436438
48;04/01/2015 00:00;sweing;8;0,8;25,9;1039;6780;45;0;0;0;56,5;0,850345133
49;04/01/2015 00:00;sweing;4;0,8;28,08;878;4260;50;0;0;0;55,5;0,800598058
50;04/01/2015 00:00;sweing;1;0,8;26,16;1033;7080;63;0;0;0;59;0,800318644
51;04/01/2015 00:00;sweing;2;0,8;28,08;782;6660;50;0;0;0;55,5;0,800237838
52;04/01/2015 00:00;sweing;12;0,8;11,61;1216;6975;50;0;0;0;31;0,800030199
53;04/01/2015 00:00;finishing ;2;0,8;3,94;NaN;960;0;0;0;0;8;0,792104167
54;04/01/2015 00:00;finishing ;10;0,7;3,94;NaN;4320;0;0;0;0;18;0,759228395
55;04/01/2015 00:00;sweing;11;0,75;19,31;513;6480;45;0;0;0;54;0,750348457
56;04/01/2015 00:00;sweing;3;0,75;19,87;734;6600;45;0;0;0;55;0,75024303
57;04/01/2015 00:00;sweing;10;0,7;28,08;1202;6900;40;0;0;0;57,5;0,699965217
58;04/01/2015 00:00;finishing ;8;0,8;2,9;NaN;960;0;0;0;0;8;0,682708333
59;04/01/2015 00:00;finishing ;7;0,8;2,9;NaN;960;0;0;0;0;8;0,667604167
60;04/01/2015 00:00;sweing;5;0,7;45,67;884;6960;26;0;0;0;58;0,603432184
61;04/01/2015 00:00;finishing ;11;0,75;4,15;NaN;960;0;0;0;0;8;0,345833333
62;05/01/2015 00:00;finishnig ;1;0,8;3,94;NaN;1920;0;0;0;0;8;0,961059028
63;05/01/2015 00:00;finishing ;11;0,8;3,94;NaN;2400;0;0;0;0;10;0,939513889
64;05/01/2015 00:00;finishing ;4;0,8;3,94;NaN;3840;0;0;0;0;16;0,893663194
65;05/01/2015 00:00;finishing ;3;0,75;4,15;NaN;1920;0;0;0;0;8;0,875390625
66;05/01/2015 00:00;sweing;9;0,8;26,16;1227;7080;75;0;0;0;59;0,850569492
67;05/01/2015 00:00;finishing ;9;0,8;2,9;NaN;1920;0;0;0;0;8;0,820833333
68;05/01/2015 00:00;finishing ;2;0,8;3,94;NaN;960;0;0;0;0;8;0,804416667
69;05/01/2015 00:00;sweing;7;0,8;25,9;1255;6780;50;0;0;0;56,5;0,800684366
70;05/01/2015 00:00;sweing;8;0,8;25,9;1047;6780;38;0;0;0;56,5;0,800684366
71;05/01/2015 00:00;sweing;1;0,8;26,16;1138;7080;63;0;0;0;59;0,800318644
72;05/01/2015 00:00;sweing;11;0,8;19,31;678;4800;50;0;0;0;55;0,800250962
73;05/01/2015 00:00;sweing;6;0,8;11,61;712;7200;50;0;0;0;32;0,800246011
74;05/01/2015 00:00;sweing;12;0,8;11,61;1037;7200;50;0;0;0;32;0,800246011
75;05/01/2015 00:00;sweing;2;0,8;28,08;757;6900;50;0;0;0;57,5;0,800076522
76;05/01/2015 00:00;sweing;4;0,8;28,08;759;6900;50;0;0;0;57,5;0,800076522
77;05/01/2015 00:00;finishing ;10;0,75;2,9;NaN;960;0;0;0;0;8;0,763375
78;05/01/2015 00:00;finishing ;5;0,6;2,9;NaN;960;0;0;0;0;8;0,759270833
79;05/01/2015 00:00;sweing;10;0,75;28,08;1083;7020;45;0;0;0;58,5;0,7504
80;05/01/2015 00:00;sweing;3;0,75;19,87;944;6600;45;0;0;0;55;0,75024303
81;05/01/2015 00:00;finishing ;7;0,8;3,94;NaN;960;0;0;0;0;8;0,676666667
82;05/01/2015 00:00;finishing ;8;0,8;2,9;NaN;960;0;0;0;0;8;0,664583333
83;05/01/2015 00:00;sweing;5;0,6;21,98;666;6960;23;0;0;0;58;0,600028736
84;06/01/2015 00:00;finishing ;4;0,8;3,94;NaN;4440;0;0;0;0;18;0,966781346
85;06/01/2015 00:00;finishing ;1;0,8;3,94;NaN;1440;0;0;0;0;8;0,936496212
86;06/01/2015 00:00;finishing ;3;0,75;4,15;NaN;1800;0;0;0;0;10;0,899166667
87;06/01/2015 00:00;finishing ;11;0,8;4,15;NaN;2700;0;0;0;0;15;0,888686869
88;06/01/2015 00:00;finishing ;9;0,8;3,94;NaN;1440;0;0;0;0;8;0,858143939
89;06/01/2015 00:00;sweing;1;0,8;26,16;1187;10620;75;0;0;0;59;0,850502311
90;06/01/2015 00:00;sweing;9;0,8;26,16;1305;10620;75;0;0;0;59;0,850502311
91;06/01/2015 00:00;finishing ;10;0,75;3,94;NaN;1440;0;0;0;0;8;0,809640152
92;06/01/2015 00:00;finishing ;2;0,8;3,94;NaN;1440;0;0;0;0;8;0,805909091
93;06/01/2015 00:00;sweing;2;0,8;28,08;716;10350;50;0;0;0;57,5;0,800594466
94;06/01/2015 00:00;sweing;4;0,8;28,08;925;10350;50;0;0;0;57,5;0,800594466
95;06/01/2015 00:00;sweing;3;0,8;19,87;963;9900;50;0;0;0;55;0,800273829
96;06/01/2015 00:00;sweing;12;0,8;11,61;1101;5310;50;0;0;0;31,5;0,800140969
97;06/01/2015 00:00;sweing;7;0,8;25,9;1035;10170;38;0;0;0;56,5;0,800128721
98;06/01/2015 00:00;sweing;8;0,8;25,9;1083;10170;38;0;0;0;56,5;0,800128721
99;06/01/2015 00:00;sweing;6;0,8;11,61;910;4470;38;0;0;0;31,5;0,80007657
100;06/01/2015 00:00;sweing;10;0,75;28,08;1209;10530;45;0;0;0;58,5;0,750545455
101;06/01/2015 00:00;sweing;11;0,75;19,31;590;9900;45;0;0;0;55;0,750057851
102;06/01/2015 00:00;finishing ;8;0,8;2,9;NaN;1440;0;0;0;0;8;0,681060606
103;06/01/2015 00:00;sweing;5;0,65;21,98;808;10440;35;0;0;0;58;0,649983281
104;06/01/2015 00:00;finishing ;7;0,8;2,9;NaN;1440;0;0;0;0;8;0,61625
105;07/01/2015 00:00;finishing ;1;0,8;3,94;NaN;1440;0;0;0;0;8;0,951420455
106;07/01/2015 00:00;finishing ;9;0,8;3,94;NaN;1440;0;0;0;0;8;0,880530303
107;07/01/2015 00:00;sweing;1;0,8;26,16;1179;10620;75;0;0;0;59;0,850502311
108;07/01/2015 00:00;sweing;9;0,8;26,16;1324;10620;75;0;0;0;59;0,850502311
109;07/01/2015 00:00;sweing;8;0,8;25,9;1135;10170;60;0;0;0;56,5;0,850136766
110;07/01/2015 00:00;finishing ;3;0,75;4,15;NaN;2700;0;0;0;0;15;0,83
111;07/01/2015 00:00;finishing ;4;0,8;3,94;NaN;4440;0;0;0;0;18;0,827186544
112;07/01/2015 00:00;finishing ;2;0,8;3,94;NaN;1440;0;0;0;0;8;0,813371212
113;07/01/2015 00:00;finishing ;10;0,75;3,94;NaN;1440;0;0;0;0;8;0,805909091
114;07/01/2015 00:00;finishing ;7;0,8;2,9;NaN;1440;0;0;0;0;8;0,804640152
115;07/01/2015 00:00;sweing;2;0,8;28,08;776;10350;63;0;0;0;57,5;0,800594466
116;07/01/2015 00:00;sweing;4;0,8;28,08;990;10350;50;0;0;0;57,5;0,800594466
117;07/01/2015 00:00;sweing;6;0,8;11,41;986;5490;50;0;0;0;30,5;0,800343766
118;07/01/2015 00:00;sweing;3;0,8;19,87;924;9900;50;0;0;0;55;0,800273829
119;07/01/2015 00:00;swenig;12;0,8;11,61;1120;5670;50;0;0;0;31,5;0,800246753
120;07/01/2015 00:00;sweing;7;0,8;25,9;1066;10170;50;0;0;0;56,5;0,800128721
121;07/01/2015 00:00;sweing;10;0,75;28,08;1144;10530;69;0;0;0;58,5;0,8
122;07/01/2015 00:00;sweing;5;0,7;21,98;413;9720;40;0;0;0;58;0,700480831
123;07/01/2015 00:00;finishing ;8;0,8;2,9;NaN;1440;0;0;0;0;8;0,681060606
124;07/01/2015 00:00;finishing ;6;0,8;2,9;NaN;1800;0;0;0;0;10;0,666515152
125;07/01/2015 00:00;sweing;11;0,8;31,83;568;9900;40;0;0;0;55;0,412119835
126;07/01/2015 00:00;finishing ;5;0,7;4,15;NaN;1440;0;0;0;0;8;0,330113636
127;08/01/2015 00:00;finishing ;1;0,8;3,94;NaN;1440;0;0;0;0;8;0,947689394
128;08/01/2015 00:00;finishing ;4;0,8;3,94;NaN;12600;0;0;0;0;20;0,919905405
129;08/01/2015 00:00;sweing;9;0,8;26,16;1216;10620;88;0;0;0;59;0,900215716
130;08/01/2015 00:00;finishing ;9;0,8;3,94;NaN;1440;0;0;0;0;8;0,891723485
131;08/01/2015 00:00;sweing;1;0,8;26,16;1189;10620;75;0;0;0;59;0,850502311
132;08/01/2015 00:00;sweing;4;0,8;28,08;942;10530;75;0;0;0;58,5;0,850181818
133;08/01/2015 00:00;sweing;7;0,8;25,9;1050;10170;60;0;0;0;56,5;0,850136766
134;08/01/2015 00:00;sweing;8;0,8;25,9;1026;10170;60;0;0;0;56,5;0,850136766
135;08/01/2015 00:00;finishing ;2;0,8;3,94;NaN;1440;0;0;0;0;8;0,835757576
136;08/01/2015 00:00;finishing ;5;0,7;4,15;NaN;3840;0;0;0;0;8;0,821354167
137;08/01/2015 00:00;sweing;2;0,8;28,08;783;10050;63;0;0;0;58,5;0,800497246
138;08/01/2015 00:00;sweing;3;0,8;19,87;857;9900;50;0;0;0;55;0,800273829
139;08/01/2015 00:00;sweing;12;0,8;11,61;548;15120;63;0;0;0;31,5;0,800107143
140;08/01/2015 00:00;sweing;6;0,8;11,41;411;14640;50;0;0;0;30,5;0,800024932
141;08/01/2015 00:00;sweing;10;0,75;28,08;1066;10530;69;0;0;0;58,5;0,8
142;08/01/2015 00:00;finishing ;10;0,75;3,94;NaN;1440;0;0;0;0;8;0,779791667
143;08/01/2015 00:00;finishing ;8;0,8;2,9;NaN;1440;0;0;0;0;8;0,735984848
144;08/01/2015 00:00;finishing ;3;0,75;4,15;NaN;2160;0;0;0;0;12;0,712626263
145;08/01/2015 00:00;finishing ;7;0,8;2,9;NaN;1440;0;0;0;0;8;0,681060606
146;08/01/2015 00:00;finishing ;11;0,8;4,15;NaN;900;0;0;0;0;5;0,515606061
147;08/01/2015 00:00;sweing;11;0,35;12,52;287;25920;38;0;0;0;54;0,349951389
148;08/01/2015 00:00;sweing;5;0,7;42,41;724;10260;0;0;0;0;57;0,233705476
149;10/01/2015 00:00;finishing ;1;0,8;3,94;NaN;2160;0;0;0;0;8;0,985
150;10/01/2015 00:00;finishing ;3;0,75;4,15;NaN;2760;0;0;0;0;12;0,930340376
151;10/01/2015 00:00;finishing ;4;0,8;3,94;NaN;6000;0;0;0;0;20;0,911589744
152;10/01/2015 00:00;finishing ;9;0,8;3,94;NaN;1440;0;0;0;0;8;0,858143939
153;10/01/2015 00:00;sweing;9;0,8;26,16;1122;10620;75;0;0;0;59;0,851174114
154;10/01/2015 00:00;sweing;7;0,8;25,9;970;10170;60;0;0;0;56,5;0,850136766
155;10/01/2015 00:00;sweing;8;0,8;25,9;1158;10170;60;0;0;0;56,5;0,850136766
156;10/01/2015 00:00;finishing ;10;0,8;3,94;NaN;1440;0;0;0;0;8;0,846950758
157;10/01/2015 00:00;finishing ;11;0,8;4,15;NaN;1440;0;0;0;0;8;0,817424242
158;10/01/2015 00:00;finishing ;2;0,8;3,94;NaN;1440;0;0;0;0;8;0,817102273
159;10/01/2015 00:00;sweing;4;0,8;28,08;660;10440;63;0;0;0;58;0,801028213
160;10/01/2015 00:00;sweing;2;0,8;28,08;749;10350;63;0;0;0;57,5;0,800594466
161;10/01/2015 00:00;sweing;12;0,8;11,61;893;4710;50;0;0;0;31,5;0,800346445
162;10/01/2015 00:00;sweing;6;0,8;11,41;887;5490;50;0;0;0;30,5;0,800343766
163;10/01/2015 00:00;sweing;1;0,8;26,16;1335;10620;63;0;0;0;59;0,800117103
164;10/01/2015 00:00;sweing;10;0,8;28,08;1082;10530;63;0;0;0;58,5;0,8
165;10/01/2015 00:00;sweing;3;0,75;19,87;1075;7080;45;0;0;0;56;0,750098351
166;10/01/2015 00:00;sweing;11;0,5;12,52;749;9540;38;0;0;0;53;0,673245283
167;10/01/2015 00:00;finishing ;7;0,8;2,9;NaN;1440;0;0;0;0;8;0,670075758
168;10/01/2015 00:00;finishing ;8;0,8;2,9;NaN;1440;0;0;0;0;8;0,628882576
169;10/01/2015 00:00;sweing;5;0,5;20,79;966;7680;0;0;0;0;56;0,388007813
170;10/01/2015 00:00;finishing ;5;0,5;4,15;NaN;1440;0;0;0;0;8;0,337973485
171;11/01/2015 00:00;finishing ;3;0,75;4,15;NaN;1440;0;0;0;0;8;0,93532197
172;11/01/2015 00:00;finishing ;4;0,8;3,94;NaN;3600;0;0;0;0;20;0,925643939
173;11/01/2015 00:00;sweing;9;0,8;26,16;1095;10620;88;0;0;0;59;0,900215716
174;11/01/2015 00:00;finishing ;1;0,8;3,94;NaN;1440;0;0;0;0;8;0,873068182
175;11/01/2015 00:00;finishing ;9;0,8;3,94;NaN;1440;0;0;0;0;8;0,858143939
176;11/01/2015 00:00;sweing;1;0,8;26,16;1383;10620;75;0;0;0;59;0,850502311
177;11/01/2015 00:00;sweing;7;0,8;25,9;1012;10170;45;0;0;0;56,5;0,850136766
178;11/01/2015 00:00;sweing;8;0,8;25,9;1209;10170;60;0;0;0;56,5;0,850136766
179;11/01/2015 00:00;finishing ;10;0,8;3,94;NaN;1440;0;0;0;0;8;0,828295455
180;11/01/2015 00:00;finishing ;2;0,8;3,94;NaN;1440;0;0;0;0;8;0,820833333
181;11/01/2015 00:00;sweing;6;0,8;11,41;887;5490;50;0;0;0;30,5;0,800343766
182;11/01/2015 00:00;sweing;12;0,8;11,61;896;5670;50;0;0;0;31,5;0,800246753
183;11/01/2015 00:00;sweing;2;0,8;28,08;805;10530;63;0;0;0;58,5;0,8
184;11/01/2015 00:00;sweing;10;0,8;28,08;762;10530;38;0;0;0;58,5;0,8
185;11/01/2015 00:00;sweing;3;0,8;19,87;1043;6420;0;0;0;0;55;0,690182815
186;11/01/2015 00:00;finishing ;11;0,8;4,15;NaN;1440;0;0;0;0;8;0,668087121
187;11/01/2015 00:00;finishing ;8;0,8;2,9;NaN;1440;0;0;0;0;8;0,653598485
188;11/01/2015 00:00;finishing ;5;0,5;4,15;NaN;1440;0;0;0;0;8;0,609138258
189;11/01/2015 00:00;sweing;11;0,6;12,52;831;9540;30;0;0;0;53;0,600229846
190;11/01/2015 00:00;finishing ;6;0,8;2,9;NaN;1440;0;0;0;0;8;0,597348485
191;11/01/2015 00:00;finishing ;7;0,8;2,9;NaN;1440;0;0;0;0;8;0,590435606
192;11/01/2015 00:00;sweing;4;0,8;50,48;562;10440;0;0;0;0;58;0,473134796
193;11/01/2015 00:00;sweing;5;0,6;20,79;1208;7980;0;0;0;0;57;0,452979626
194;12/01/2015 00:00;finishing ;1;0,8;3,94;NaN;1440;0;0;0;0;8;0,955151515
195;12/01/2015 00:00;finishing ;4;0,35;4,3;NaN;3240;0;0;0;0;18;0,942213805
196;12/01/2015 00:00;finishing ;3;0,8;4,15;NaN;1800;0;0;0;0;10;0,905454545
197;12/01/2015 00:00;finishing ;2;0,8;3,94;NaN;1440;0;0;0;0;8;0,880530303
198;12/01/2015 00:00;finishing ;9;0,8;3,94;NaN;1440;0;0;0;0;8;0,858143939
199;12/01/2015 00:00;sweing;1;0,8;26,16;1099;8220;75;0;0;0;59;0,850522167
200;12/01/2015 00:00;sweing;9;0,8;26,16;1093;10620;75;0;0;0;59;0,850502311
201;12/01/2015 00:00;sweing;7;0,8;25,9;1031;10170;60;0;0;0;56,5;0,850136766
202;12/01/2015 00:00;sweing;8;0,8;25,9;1233;10170;60;0;0;0;56,5;0,850136766
203;12/01/2015 00:00;finishing ;6;0,8;2,9;NaN;1440;0;0;0;0;8;0,817424242
204;12/01/2015 00:00;finishing ;5;0,65;4,15;NaN;1440;0;0;0;0;8;0,809564394
205;12/01/2015 00:00;sweing;3;0,8;19,87;941;9900;0;0;0;0;55;0,800273829
206;12/01/2015 00:00;sweing;6;0,8;11,41;843;5670;50;0;0;0;31,5;0,800181818
207;12/01/2015 00:00;sweing;12;0,8;11,61;760;4470;50;0;0;0;31,5;0,80007657
208;12/01/2015 00:00;sweing;2;0,8;28,08;737;10530;63;0;0;0;58,5;0,8
209;12/01/2015 00:00;finishing ;8;0,8;2,9;NaN;1440;0;0;0;0;8;0,725
210;12/01/2015 00:00;sweing;10;0,8;50,48;381;6930;45;0;0;0;58,5;0,688557555
211;12/01/2015 00:00;sweing;5;0,65;20,79;1141;8460;0;0;0;0;59;0,650040783
212;12/01/2015 00:00;sweing;11;0,65;12,52;1004;9540;44;0;0;0;53;0,64998056
213;12/01/2015 00:00;finishing ;7;0,8;2,9;NaN;1440;0;0;0;0;8;0,648106061
214;12/01/2015 00:00;finishing ;11;0,8;4,15;NaN;1440;0;0;0;0;8;0,640577652
215;12/01/2015 00:00;sweing;4;0,35;22,4;581;7350;0;0;0;0;51,5;0,35063299
216;12/01/2015 00:00;finishing ;10;0,8;3,94;NaN;1440;0;0;0;0;8;0,24625
217;13/01/2015 00:00;finishing ;4;0,35;4,3;NaN;2160;0;0;0;0;12;0,952020202
218;13/01/2015 00:00;finishing ;1;0,8;3,94;NaN;1440;0;0;0;0;2;0,951420455
219;13/01/2015 00:00;finishing ;10;0,8;3,94;NaN;5400;0;0;0;0;20;0,912766667
220;13/01/2015 00:00;finishing ;3;0,8;4,15;NaN;1620;0;0;0;0;9;0,901262626
221;13/01/2015 00:00;finishing ;9;0,8;3,94;NaN;1440;0;0;0;0;8;0,858143939
222;13/01/2015 00:00;sweing;1;0,8;26,16;1073;10620;75;0;0;0;59;0,850502311
223;13/01/2015 00:00;sweing;9;0,8;26,16;1156;10620;75;0;0;0;59;0,850502311
224;13/01/2015 00:00;sweing;8;0,8;25,9;1211;10260;60;0;0;0;57;0,850252525
225;13/01/2015 00:00;sweing;7;0,8;25,9;1126;10170;60;0;0;0;56,5;0,850136766
226;13/01/2015 00:00;finishing ;5;0,65;4,15;NaN;1440;0;0;0;0;8;0,821354167
227;13/01/2015 00:00;finishing ;2;0,8;3,94;NaN;1440;0;0;0;0;8;0,805909091
228;13/01/2015 00:00;sweing;6;0,8;11,61;1004;5670;50;0;0;0;31,5;0,800246753
229;13/01/2015 00:00;sweing;12;0,8;11,61;1063;5670;50;0;0;0;31,5;0,800246753
230;13/01/2015 00:00;sweing;2;0,8;28,08;723;10530;50;0;0;0;58,5;0,8
231;13/01/2015 00:00;sweing;3;0,8;42,27;465;9900;54;0;0;0;55;0,705576584
232;13/01/2015 00:00;finishing ;8;0,8;2,9;NaN;1440;0;0;0;0;8;0,681060606
233;13/01/2015 00:00;finishing ;7;0,8;2,9;NaN;1440;0;0;0;0;8;0,670075758
234;13/01/2015 00:00;finishing ;11;0,8;4,15;NaN;1440;0;0;0;0;8;0,601278409
235;13/01/2015 00:00;sweing;11;0,7;27,13;530;9540;37;0;0;0;53;0,582301029
236;13/01/2015 00:00;sweing;5;0,7;20,79;1297;10440;0;0;0;0;58;0,526810345
237;13/01/2015 00:00;sweing;4;0,5;22,4;783;10170;23;0;0;0;56,5;0,500380799
238;13/01/2015 00:00;sweing;10;0,35;22,4;715;10170;23;0;0;0;56,5;0,35020649
239;14/01/2015 00:00;finishing ;11;0,8;4,15;NaN;1980;0;0;0;0;7;0,934607438
240;14/01/2015 00:00;finishing ;4;0,35;4,3;NaN;2700;0;0;0;0;8;0,908080808
241;14/01/2015 00:00;sweing;7;0,8;25,9;1150;10170;70;0;0;0;56,5;0,900144811
242;14/01/2015 00:00;finishing ;1;0,8;3,94;NaN;1440;0;0;0;0;8;0,891723485
243;14/01/2015 00:00;finishing ;5;0,65;4,15;NaN;1440;0;0;0;0;15;0,864583333
244;14/01/2015 00:00;finishing ;9;0,8;3,94;NaN;1440;0;0;0;0;8;0,858143939
245;14/01/2015 00:00;sweing;9;0,8;26,16;1232;10620;75;0;0;0;59;0,850502311
246;14/01/2015 00:00;sweing;8;0,8;25,9;1218;10170;60;0;0;0;56,5;0,850136766
247;14/01/2015 00:00;finishing ;7;0,8;2,9;NaN;1440;0;0;0;0;8;0,837594697
248;14/01/2015 00:00;finishing ;3;0,8;4,15;NaN;1440;0;0;0;0;7;0,820833333
249;14/01/2015 00:00;sweing;12;0,8;11,61;1159;2970;50;0;0;0;31,5;0,800313433
250;14/01/2015 00:00;sweing;6;0,8;11,61;972;5670;38;0;0;0;31,5;0,800246753
251;14/01/2015 00:00;sweing;1;0,8;26,16;1092;10620;63;0;0;0;59;0,800117103
252;14/01/2015 00:00;sweing;5;0,7;20,79;965;7320;0;0;0;0;58;0,700095563
253;14/01/2015 00:00;finishing ;8;0,8;2,9;NaN;1440;0;0;0;0;8;0,667329545
254;14/01/2015 00:00;sweing;4;0,6;22,4;816;5100;23;0;0;0;57;0,600369686
255;14/01/2015 00:00;sweing;10;0,5;22,4;947;3390;23;0;0;0;56,5;0,499980334
256;14/01/2015 00:00;sweing;11;0,35;14,61;838;7200;23;0;0;0;55;0,35003125
257;14/01/2015 00:00;finishing ;10;0,8;3,94;NaN;1260;0;0;0;0;8;0,332359307
258;14/01/2015 00:00;sweing;2;0,8;51,02;1086;4260;27;0;0;0;57;0,311207464
259;14/01/2015 00:00;finishing ;2;0,8;3,94;NaN;1260;0;0;0;0;8;0,247316017
260;15/01/2015 00:00;finishnig ;4;0,35;4,3;NaN;3600;0;0;0;0;20;0,988636364
261;15/01/2015 00:00;finishing ;10;0,8;3,94;NaN;3420;0;0;0;0;19;0,953110048
262;15/01/2015 00:00;finishing ;1;0,8;3,94;NaN;1440;0;0;0;0;8;0,884261364
263;15/01/2015 00:00;finishing ;5;0,65;4,15;NaN;1440;0;0;0;0;8;0,860653409
264;15/01/2015 00:00;finishing ;9;0,8;3,94;NaN;1440;0;0;0;0;8;0,858143939
265;15/01/2015 00:00;swenig;1;0,8;26,16;1160;10620;75;0;0;0;59;0,850502311
266;15/01/2015 00:00;sweing;8;0,8;25,9;1177;8970;60;0;0;0;56,5;0,850415628
267;15/01/2015 00:00;sweing;7;0,8;25,9;1281;10170;60;0;0;0;56,5;0,850136766
268;15/01/2015 00:00;sweing;9;0,8;26,16;1369;10620;63;0;0;0;59;0,800117103
269;15/01/2015 00:00;sweing;6;0,8;11,61;1084;4950;38;0;0;0;31,5;0,80003139
270;15/01/2015 00:00;sweing;12;0,8;11,61;1216;4950;50;0;0;0;31,5;0,80003139
271;15/01/2015 00:00;sweing;5;0,7;20,79;391;10440;0;0;0;0;58;0,700060345
272;15/01/2015 00:00;finishing ;7;0,8;2,9;NaN;1440;0;0;0;0;8;0,689299242
273;15/01/2015 00:00;sweing;3;0,5;22,52;1102;10170;30;0;0;0;56,5;0,660683293
274;15/01/2015 00:00;sweing;4;0,65;22,52;872;10080;26;0;0;0;56;0,650130952
275;15/01/2015 00:00;finishing ;8;0,8;2,9;NaN;1440;0;0;0;0;8;0,606912879
276;15/01/2015 00:00;sweing;10;0,6;22,52;1076;10170;23;0;0;0;56,5;0,600291767
277;15/01/2015 00:00;sweing;11;0,5;14,89;917;9900;30;0;0;0;55;0,500025069
278;15/01/2015 00:00;sweing;2;0,5;22,94;1044;9810;23;0;0;0;54,5;0,499998888
279;17/01/2015 00:00;finishing ;5;0,65;4,15;NaN;2700;0;0;0;0;15;0,98719697
280;17/01/2015 00:00;finishing ;2;0,8;3,94;NaN;1800;0;0;0;0;10;0,980909091
281;17/01/2015 00:00;finishing ;10;0,8;3,94;NaN;1440;0;0;0;0;8;0,974621212
282;17/01/2015 00:00;finishing ;1;0,8;3,94;NaN;1440;0;0;0;0;8;0,884261364
283;17/01/2015 00:00;finishing ;9;0,8;3,94;NaN;1800;0;0;0;0;10;0,82680303
284;17/01/2015 00:00;sweing;6;0,8;11,41;1067;5490;63;0;0;0;30,5;0,800343766
285;17/01/2015 00:00;sweing;12;0,8;11,61;1039;5670;63;0;0;0;31,5;0,800246753
286;17/01/2015 00:00;sweing;7;0,8;25,9;1396;10170;50;0;0;0;56,5;0,800128721
287;17/01/2015 00:00;sweing;8;0,8;25,9;1292;10170;50;0;0;0;56,5;0,800128721
288;17/01/2015 00:00;sweing;1;0,8;48,68;171;10620;63;0;0;0;59;0,800117103
289;17/01/2015 00:00;sweing;9;0,8;26,16;1128;10620;63;0;0;0;59;0,800117103
290;17/01/2015 00:00;sweing;2;0,6;22,94;865;6570;23;0;0;0;56,5;0,77011398
291;17/01/2015 00:00;sweing;4;0,7;22,52;825;10170;50;0;0;0;56,5;0,7005417
292;17/01/2015 00:00;finishing ;8;0,8;2,9;NaN;1440;0;0;0;0;8;0,675568182
293;17/01/2015 00:00;finishing ;7;0,8;2,9;NaN;1440;0;0;0;0;8;0,661837121
294;17/01/2015 00:00;sweing;10;0,65;22,52;1163;9720;35;0;0;0;54;0,650198653
295;17/01/2015 00:00;sweing;3;0,6;22,52;1140;10170;30;0;0;0;56,5;0,600291767
296;17/01/2015 00:00;sweing;11;0,6;14,89;1027;10080;38;0;0;0;56;0,600273268
297;17/01/2015 00:00;finishing ;6;0,8;2,9;NaN;900;0;0;0;0;5;0,465757576
298;17/01/2015 00:00;sweing;5;0,7;41,19;1052;10440;21;0;0;0;58;0,452012539
299;17/01/2015 00:00;finishing ;11;0,8;4,15;NaN;1260;0;0;0;0;7;0,313852814
300;18/01/2015 00:00;finishing ;5;0,6;4,15;NaN;1440;0;0;0;0;8;0,852793561
301;18/01/2015 00:00;finishing ;11;0,65;4,15;NaN;2160;0;0;0;0;12;0,838383838
302;18/01/2015 00:00;finishing ;6;0,8;2,9;NaN;1800;0;0;0;0;10;0,804848485
303;18/01/2015 00:00;sweing;6;0,8;11,41;1140;5490;63;0;0;0;30,5;0,800343766
304;18/01/2015 00:00;sweing;7;0,8;48,84;624;10170;50;0;0;0;56,5;0,800128721
305;18/01/2015 00:00;sweing;8;0,8;25,9;1288;10170;38;0;0;0;56,5;0,800128721
306;18/01/2015 00:00;sweing;9;0,8;26,16;1381;3660;50;0;0;0;59;0,800015009
307;18/01/2015 00:00;sweing;4;0,7;22,52;882;10170;50;0;0;0;56,5;0,7005417
308;18/01/2015 00:00;sweing;10;0,7;22,52;1002;10080;40;0;0;0;56;0,700094156
309;18/01/2015 00:00;finishing ;7;0,8;2,9;NaN;1440;0;0;0;0;8;0,692045455
310;18/01/2015 00:00;sweing;12;0,8;26,87;585;5670;56;0;0;0;31,5;0,662255892
311;18/01/2015 00:00;sweing;3;0,65;22,52;1138;10170;35;0;0;0;56,5;0,650416734
312;18/01/2015 00:00;sweing;11;0,65;14,89;1140;10260;44;0;0;0;57;0,650299575
313;18/01/2015 00:00;sweing;2;0,65;22,94;1025;10170;26;0;0;0;56,5;0,650243497
314;18/01/2015 00:00;finishing ;8;0,8;2,9;NaN;1440;0;0;0;0;8;0,639867424
315;18/01/2015 00:00;sweing;5;0,6;20,4;1031;10440;30;0;0;0;58;0,600062696
316;18/01/2015 00:00;finishing ;9;0,8;3,94;NaN;1800;0;0;0;0;10;0,582045455
317;18/01/2015 00:00;sweing;1;0,8;49,1;1381;10350;24;0;0;0;57,5;0,403242161
318;18/01/2015 00:00;finishing ;10;0,7;3,94;NaN;1440;0;0;0;0;8;0,235795455
319;19/01/2015 00:00;finishing ;4;0,7;4,3;NaN;5040;0;0;0;0;28;0,977272727
320;19/01/2015 00:00;finishing ;9;0,8;3,94;NaN;1800;0;0;0;0;10;0,964106061
321;19/01/2015 00:00;finishing ;5;0,65;4,15;NaN;1440;0;0;0;0;8;0,958901515
322;19/01/2015 00:00;swenig;6;0,8;11,41;1028;4380;50;0;0;0;31;0,800358775
323;19/01/2015 00:00;sweing;8;0,8;25,9;1380;3630;50;0;0;0;56,5;0,800162602
324;19/01/2015 00:00;sweing;9;0,8;26,16;1196;10620;63;0;0;0;59;0,800117103
325;19/01/2015 00:00;finishnig ;12;0,8;2,9;NaN;1440;0;0;0;0;8;0,793844697
326;19/01/2015 00:00;sweing;2;0,7;22,94;1006;10170;38;0;0;0;56,5;0,750517565
327;19/01/2015 00:00;sweing;4;0,7;22,52;930;10260;63;0;0;0;57;0,750068049
328;19/01/2015 00:00;sweing;3;0,7;22,52;1095;10170;50;0;0;0;56,5;0,750062751
329;19/01/2015 00:00;sweing;10;0,7;22,52;938;10080;63;0;0;0;56;0,750057359
330;19/01/2015 00:00;sweing;11;0,7;14,89;1484;10260;50;0;0;0;57;0,700170388
331;19/01/2015 00:00;finishing ;8;0,8;2,9;NaN;1440;0;0;0;0;8;0,683806818
332;19/01/2015 00:00;sweing;5;0,65;20,4;1255;8280;35;0;0;0;58;0,650066445
333;19/01/2015 00:00;sweing;7;0,8;48,84;1040;10260;30;0;0;0;57;0,576460393
334;19/01/2015 00:00;sweing;1;0,5;22,94;1492;10170;30;0;0;0;56,5;0,549969429
335;19/01/2015 00:00;finishing ;10;0,7;3,94;NaN;1440;0;0;0;0;8;0,538399621
336;19/01/2015 00:00;finishing ;11;0,7;4,15;NaN;1440;0;0;0;0;8;0,409545455
337;19/01/2015 00:00;sweing;12;0,35;15,26;1111;6120;23;0;0;0;34;0,35021836
338;20/01/2015 00:00;finishing ;5;0,7;4,15;NaN;1440;0;0;0;0;8;1,033570076
339;20/01/2015 00:00;sweing;6;0,8;11,41;1047;5580;63;0;0;0;31;0,800261486
340;20/01/2015 00:00;sweing;8;0,8;25,9;1434;10170;50;0;0;0;56,5;0,800128721
341;20/01/2015 00:00;sweing;9;0,8;26,16;399;10620;63;0;0;0;59;0,800117103
342;20/01/2015 00:00;sweing;4;0,7;22,52;983;10260;63;0;0;0;57;0,750068049
343;20/01/2015 00:00;sweing;10;0,7;22,52;1108;10080;63;0;0;0;56;0,750057359
344;20/01/2015 00:00;sweing;3;0,7;22,52;1134;8460;50;0;0;0;57;0,750037968
345;20/01/2015 00:00;sweing;2;0,7;22,94;1363;10260;50;0;0;0;57;0,750031898
346;20/01/2015 00:00;finishing ;9;0,8;3,94;NaN;1800;0;0;0;0;10;0,72830303
347;20/01/2015 00:00;sweing;11;0,7;14,89;1501;10260;50;0;0;0;57;0,700170388
348;20/01/2015 00:00;sweing;5;0,7;20,4;1352;10260;50;0;0;0;57;0,700063796
349;20/01/2015 00:00;finishing ;8;0,8;2,9;NaN;1440;0;0;0;0;8;0,639867424
350;20/01/2015 00:00;sweing;12;0,5;15,26;1352;3720;23;0;0;0;34;0,500290419
351;20/01/2015 00:00;sweing;7;0,35;22,94;1450;10080;30;0;0;0;56;0,400332792
352;20/01/2015 00:00;finishing ;11;0,7;4,15;NaN;2700;0;0;0;0;15;0,362666667
353;21/01/2015 00:00;finishing ;4;0,75;4,3;NaN;6000;0;0;0;0;20;0,978525641
354;21/01/2015 00:00;finishing ;2;0,7;3,94;NaN;5100;0;0;0;0;17;0,912202112
355;21/01/2015 00:00;sweing;4;0,75;22,52;825;10080;94;0;0;0;56;0,900556277
356;21/01/2015 00:00;sweing;6;0,8;11,61;916;5760;75;0;0;0;89;0,850410511
357;21/01/2015 00:00;finishing ;9;0,8;3,94;NaN;2400;0;0;0;0;8;0,827147436
358;21/01/2015 00:00;sweing;8;0,8;25,9;562;7470;38;0;0;0;56,5;0,800436542
359;21/01/2015 00:00;sweing;2;0,7;22,94;1422;10500;60;0;0;0;57;0,800415742
360;21/01/2015 00:00;sweing;10;0,7;22,52;1206;10080;75;0;0;0;56;0,800020563
361;21/01/2015 00:00;finishing ;5;0,7;4,15;NaN;2400;0;0;0;0;8;0,758173077
362;21/01/2015 00:00;sweing;5;0,7;20,4;1404;10440;50;0;0;0;58;0,750344828
363;21/01/2015 00:00;sweing;3;0,7;22,52;1139;10260;63;0;0;0;57;0,750068049
364;21/01/2015 00:00;sweing;11;0,7;14,89;1735;10260;50;0;0;0;57;0,700170388
365;21/01/2015 00:00;sweing;1;0,65;22,94;1595;10260;34;0;0;0;57;0,700029771
366;21/01/2015 00:00;sweing;12;0,6;15,26;1245;6360;23;0;0;0;34;0,60017284
367;21/01/2015 00:00;finishing ;8;0,8;2,9;NaN;2400;0;0;0;0;8;0,594871795
368;21/01/2015 00:00;sweing;9;0,8;54,56;757;4140;29;0;0;0;58;0,520237649
369;21/01/2015 00:00;finishing ;1;0,65;3,94;NaN;2400;0;0;0;0;8;0,505128205
370;21/01/2015 00:00;sweing;7;0,5;22,52;1720;10080;23;0;0;0;56;0,500241342
371;21/01/2015 00:00;finishing ;11;0,7;4,15;NaN;2700;0;0;0;0;9;0,470769231
372;22/01/2015 00:00;finishing ;7;0,6;3,94;NaN;6000;0;0;0;0;10;0,957638889
373;22/01/2015 00:00;finishing ;10;0,75;3,94;NaN;8400;0;0;0;0;14;0,940701058
374;22/01/2015 00:00;sweing;4;0,75;22,52;759;10080;81;0;0;0;56;0,849983766
375;22/01/2015 00:00;sweing;2;0,7;22,94;1510;10620;60;0;0;0;57;0,800302791
376;22/01/2015 00:00;sweing;6;0,8;11,61;955;6360;63;0;0;0;32;0,800191989
377;22/01/2015 00:00;sweing;10;0,75;22,52;1328;10080;55;0;0;0;56;0,800020563
378;22/01/2015 00:00;sweing;1;0,7;22,94;1384;12180;63;0;0;0;57;0,750162367
379;22/01/2015 00:00;sweing;3;0,7;22,52;1244;10260;63;0;0;0;57;0,750068049
380;22/01/2015 00:00;finishing ;5;0,7;4,15;NaN;9000;0;0;0;0;15;0,742901235
381;22/01/2015 00:00;sweing;5;0,7;20,4;1480;10440;40;0;0;0;58;0,700250784
382;22/01/2015 00:00;sweing;11;0,7;14,89;1863;10260;50;0;0;0;57;0,700170388
383;22/01/2015 00:00;finishnig ;4;0,75;4,3;NaN;9000;0;0;0;0;15;0,670216049
384;22/01/2015 00:00;finishing ;1;0,7;3,94;NaN;15000;0;0;0;0;25;0,649662222
385;22/01/2015 00:00;finishing ;2;0,7;3,94;NaN;15000;0;0;0;0;25;0,649662222
386;22/01/2015 00:00;finishing ;6;0,8;2,9;NaN;4800;0;0;0;0;8;0,626822917
387;22/01/2015 00:00;sweing;12;0,6;15,26;1492;6960;23;0;0;0;34;0,600436426
388;22/01/2015 00:00;sweing;7;0,6;22,52;1859;10260;23;0;0;0;57;0,60041361
389;22/01/2015 00:00;sweing;8;0,8;40,99;980;10770;30;0;0;0;56,5;0,555500132
390;22/01/2015 00:00;sweing;9;0,5;29,12;970;10440;30;0;0;0;58;0,500547544
391;22/01/2015 00:00;finishing ;3;0,7;3,94;NaN;12000;0;0;0;0;20;0,460578704
392;22/01/2015 00:00;finishing ;8;0,8;2,9;NaN;4800;0;0;0;0;8;0,397743056
393;22/01/2015 00:00;finishing ;12;0,6;4,08;NaN;5400;0;0;0;0;9;0,327407407
394;24/01/2015 00:00;finishing ;5;0,7;4,15;NaN;2700;0;0;0;0;15;0,966666667
395;24/01/2015 00:00;finishing ;10;0,75;3,94;NaN;1800;0;0;0;0;10;0,937242424
396;24/01/2015 00:00;finishing ;8;0,8;2,9;NaN;1620;0;0;0;0;9;0,910521886
397;24/01/2015 00:00;sweing;2;0,75;22,94;1606;10260;94;0;0;0;57;0,90064806
398;24/01/2015 00:00;sweing;4;0,75;22,52;727;10260;94;0;0;0;57;0,900321106
399;24/01/2015 00:00;finishing ;11;0,75;4,15;NaN;1800;0;0;0;0;10;0,896022727
400;24/01/2015 00:00;finishing ;3;0,75;3,94;NaN;1440;0;0;0;0;8;0,895454545
401;24/01/2015 00:00;finishing ;7;0,65;3,94;NaN;2160;0;0;0;0;12;0,870580808
402;24/01/2015 00:00;finishing ;12;0,7;4,08;NaN;1620;0;0;0;0;9;0,858585859
403;24/01/2015 00:00;sweing;1;0,7;22,94;1472;10260;75;0;0;0;57;0,800643806
404;24/01/2015 00:00;sweing;10;0,75;22,52;1332;10080;69;0;0;0;56;0,80062987
405;24/01/2015 00:00;sweing;6;0,8;11,61;1009;5640;63;0;0;0;32;0,800537143
406;24/01/2015 00:00;sweing;3;0,75;22,52;1266;10260;69;0;0;0;57;0,80035194
407;24/01/2015 00:00;sweing;12;0,75;15,26;1316;6120;40;0;0;0;34;0,750079323
408;24/01/2015 00:00;sweing;11;0,75;42,97;1282;10260;56;0;0;0;57;0,750041201
409;24/01/2015 00:00;sweing;5;0,7;20,4;1382;10440;50;0;0;0;58;0,700250784
410;24/01/2015 00:00;finishnig ;4;0,75;4,3;NaN;2160;0;0;0;0;12;0,651515152
411;24/01/2015 00:00;sweing;7;0,65;22,52;1295;10170;26;0;0;0;56,5;0,650416734
412;24/01/2015 00:00;sweing;9;0,6;29,12;925;6660;23;0;0;0;58;0,600125217
413;24/01/2015 00:00;finishing ;2;0,75;3,94;NaN;1440;0;0;0;0;8;0,578314394
414;24/01/2015 00:00;finishing ;1;0,7;3,94;NaN;1440;0;0;0;0;8;0,578314394
415;24/01/2015 00:00;sweing;8;0,35;15,09;1448;9360;23;0;0;0;52;0,34998951
416;24/01/2015 00:00;finishing ;9;0,6;3,94;NaN;1440;0;0;0;0;8;0,261174242
417;25/01/2015 00:00;finishing ;5;0,7;4,15;NaN;3060;0;0;0;0;17;0,973796791
418;25/01/2015 00:00;finishing ;2;0,75;3,94;NaN;1440;0;0;0;0;8;0,970075758
419;25/01/2015 00:00;finishing ;1;0,7;3,94;NaN;1440;0;0;0;0;8;0,970075758
420;25/01/2015 00:00;finishing ;3;0,75;3,94;NaN;1620;0;0;0;0;9;0,961784512
421;25/01/2015 00:00;finishing ;10;0,75;3,94;NaN;3420;0;0;0;0;19;0,955151515
422;25/01/2015 00:00;finishing ;4;0,75;4,3;NaN;2160;0;0;0;0;12;0,952020202
423;25/01/2015 00:00;sweing;4;0,75;22,52;867;10260;94;0;0;0;57;0,900321106
424;25/01/2015 00:00;sweing;2;0,75;22,94;1636;10530;81;0;0;0;58,5;0,850223776
425;25/01/2015 00:00;sweing;1;0,7;22,94;1682;10530;75;0;0;0;58,5;0,800909609
426;25/01/2015 00:00;sweing;3;0,75;22,52;1495;10350;55;0;0;0;57,5;0,800513307
427;25/01/2015 00:00;sweing;6;0,8;11,61;1181;5760;63;0;0;0;32;0,800386364
428;25/01/2015 00:00;sweing;10;0,75;22,52;1413;10080;69;0;0;0;56;0,800020563
429;25/01/2015 00:00;finishing ;7;0,65;3,94;NaN;2520;0;0;0;0;14;0,749188312
430;25/01/2015 00:00;sweing;7;0,7;22,52;360;10170;40;0;0;0;56,5;0,7005417
431;25/01/2015 00:00;sweing;12;0,7;15,26;1296;6120;40;0;0;0;34;0,70043672
432;25/01/2015 00:00;sweing;5;0,7;20,4;1217;10440;50;0;0;0;58;0,700250784
433;25/01/2015 00:00;sweing;9;0,65;29,12;1086;10440;26;0;0;0;58;0,650407524
434;25/01/2015 00:00;finishing ;12;0,7;4,08;NaN;1620;0;0;0;0;9;0,618181818
435;25/01/2015 00:00;sweing;11;0,75;42,97;532;10260;40;0;0;0;57;0,59114168
436;25/01/2015 00:00;sweing;8;0,5;15,09;1557;720;23;0;0;0;52;0,500061916
437;25/01/2015 00:00;finishing ;8;0,8;2,9;NaN;720;0;0;0;0;4;0,329545455
438;26/01/2015 00:00;finishnig ;3;0,75;3,94;NaN;1800;0;0;0;0;10;1,059621212
439;26/01/2015 00:00;finishing ;10;0,75;3,94;NaN;3780;0;0;0;0;21;0,997792208
440;26/01/2015 00:00;finishing ;4;0,75;4,3;NaN;2160;0;0;0;0;12;0,963699495
441;26/01/2015 00:00;finishing ;5;0,7;4,15;NaN;2700;0;0;0;0;15;0,959191919
442;26/01/2015 00:00;finishing ;2;0,75;3,94;NaN;1800;0;0;0;0;10;0,910378788
443;26/01/2015 00:00;finnishing ;1;0,7;3,94;NaN;1800;0;0;0;0;10;0,910378788
444;26/01/2015 00:00;sweing;4;0,8;22,52;1016;10170;60;0;0;0;56,5;0,850312684
445;26/01/2015 00:00;sweing;6;0,8;11,61;1072;5760;50;0;0;0;32;0,800386364
446;26/01/2015 00:00;sweing;3;0,75;22,52;1584;10260;69;0;0;0;57;0,80035194
447;26/01/2015 00:00;sweing;2;0,75;22,94;1764;10260;55;0;0;0;57;0,800034024
448;26/01/2015 00:00;sweing;1;0,7;22,94;1745;10440;60;0;0;0;58;0,800023511
449;26/01/2015 00:00;sweing;10;0,75;22,52;1250;10080;55;0;0;0;56;0,800020563
450;26/01/2015 00:00;finishing ;12;0,7;4,08;NaN;1620;0;0;0;0;9;0,769292929
451;26/01/2015 00:00;sweing;5;0,75;20,4;1118;10320;56;0;0;0;58;0,750031447
452;26/01/2015 00:00;sweing;9;0,7;29,12;1143;10440;40;0;0;0;58;0,70061442
453;26/01/2015 00:00;sweing;12;0,7;15,26;1337;6120;40;0;0;0;34;0,70043672
454;26/01/2015 00:00;finishing ;7;0,65;3,94;NaN;1440;0;0;0;0;8;0,646306818
455;26/01/2015 00:00;sweing;8;0,6;15,09;1519;360;23;0;0;0;52;0,600143365
456;26/01/2015 00:00;sweing;11;0,35;28,08;749;10260;23;0;0;0;57;0,350066986
457;27/01/2015 00:00;sweing;2;0,75;22,52;1635;6840;119;0;0;0;57;1,000230409
458;27/01/2015 00:00;sweing;3;0,75;22,52;1299;6840;119;0;0;0;57;1,000230409
459;27/01/2015 00:00;finishing ;10;0,8;3,94;NaN;1440;0;0;0;0;12;0,979527778
460;27/01/2015 00:00;finishing ;4;0,8;4,3;NaN;1440;0;0;0;0;12;0,940625
461;27/01/2015 00:00;finishing ;5;0,5;4,15;NaN;1440;0;0;0;0;12;0,926388889
462;27/01/2015 00:00;sweing;10;0,8;22,52;1134;6720;70;0;0;0;56;0,900129762
463;27/01/2015 00:00;finishing ;3;0,75;3,94;NaN;1440;0;0;0;0;12;0,861875
464;27/01/2015 00:00;sweing;4;0,8;22,52;1106;6780;60;0;0;0;56,5;0,850312684
465;27/01/2015 00:00;finishing ;8;0,65;3,94;NaN;960;0;0;0;0;8;0,845458333
466;27/01/2015 00:00;finishing ;12;0,7;4,15;NaN;1080;0;0;0;0;9;0,823555556
467;27/01/2015 00:00;finishing ;7;0,5;4,15;NaN;960;0;0;0;0;8;0,803541667
468;27/01/2015 00:00;sweing;1;0,75;22,94;1871;6960;55;0;0;0;58;0,800263218
469;27/01/2015 00:00;finishing ;2;0,75;3,94;NaN;1200;0;0;0;0;10;0,788
470;27/01/2015 00:00;finishing ;1;0,75;3,94;NaN;1200;0;0;0;0;10;0,77815
471;27/01/2015 00:00;sweing;9;0,7;29,12;1294;6960;50;0;0;0;58;0,700386207
472;27/01/2015 00:00;sweing;12;0,7;15,26;1462;4080;40;0;0;0;34;0,700164706
473;27/01/2015 00:00;sweing;8;0,65;15,09;976;240;23;0;0;0;52;0,650307143
474;27/01/2015 00:00;sweing;6;0,8;30,4;338;3840;34;0;0;0;32;0,622828125
475;27/01/2015 00:00;finishing ;6;0,8;2,9;NaN;960;0;0;0;0;8;0,6225
476;27/01/2015 00:00;sweing;5;0,5;20,79;1455;6960;30;0;0;0;58;0,500035345
477;27/01/2015 00:00;sweing;11;0,5;48,18;1282;6480;23;0;0;0;54;0,37046657
478;28/01/2015 00:00;sweing;2;0,8;22,52;1559;6840;90;0;0;0;57;1,000230409
479;28/01/2015 00:00;sweing;3;0,8;22,52;1350;6840;113;0;0;0;57;1,000230409
480;28/01/2015 00:00;finishing ;6;0,35;2,9;NaN;1800;0;0;0;0;15;0,977555556
481;28/01/2015 00:00;finishing ;1;0,75;3,94;NaN;1200;0;0;0;0;10;0,9456
482;28/01/2015 00:00;finishing ;2;0,8;3,94;NaN;1800;0;0;0;0;15;0,902222222
483;28/01/2015 00:00;sweing;10;0,8;22,52;1175;6720;60;0;0;0;56;0,850532143
484;28/01/2015 00:00;sweing;1;0,75;22,94;1868;6960;81;0;0;0;58;0,850362069
485;28/01/2015 00:00;finishing ;10;0,8;3,94;NaN;1200;0;0;0;0;10;0,840533333
486;28/01/2015 00:00;sweing;5;0,6;20,79;1045;6960;88;0;0;0;58;0,800534483
487;28/01/2015 00:00;sweing;4;0,8;22,52;1342;6780;50;0;0;0;56,5;0,800489676
488;28/01/2015 00:00;finishing ;12;0,75;4,08;NaN;1080;0;0;0;0;9;0,755555556
489;28/01/2015 00:00;sweing;9;0,7;29,12;1340;6960;63;0;0;0;58;0,750593103
490;28/01/2015 00:00;sweing;12;0,75;15,26;1429;3600;45;0;0;0;35;0,750283333
491;28/01/2015 00:00;finishing ;4;0,8;4,3;NaN;1440;0;0;0;0;12;0,722638889
492;28/01/2015 00:00;finishing ;8;0,65;4,15;NaN;960;0;0;0;0;8;0,553333333
493;28/01/2015 00:00;sweing;11;0,5;20,1;1413;5880;46;0;0;0;54;0,500567308
494;28/01/2015 00:00;sweing;8;0,7;38,09;336;6240;0;0;0;0;52;0,467693269
495;28/01/2015 00:00;sweing;6;0,35;18,79;511;1800;23;0;0;0;32;0,437995338
496;28/01/2015 00:00;finishing ;7;0,6;3,94;NaN;960;0;0;0;0;8;0,406354167
497;28/01/2015 00:00;sweing;7;0,6;23,54;958;6600;0;0;0;0;55;0,285333333
498;28/01/2015 00:00;finishing ;11;0,5;2,9;NaN;960;0;0;0;0;8;0,259375
499;29/01/2015 00:00;sweing;2;0,8;22,52;1416;6840;113;0;0;0;57;1,000230409
500;29/01/2015 00:00;finnishing ;4;0,8;4,3;NaN;1200;0;0;0;0;10;0,989
501;29/01/2015 00:00;sweing;3;0,8;22,52;1287;6840;100;0;0;0;57;0,950185965
502;29/01/2015 00:00;sweing;4;0,8;22,52;1444;6900;88;0;0;0;57,5;0,9008
503;29/01/2015 00:00;sweing;10;0,8;22,52;1088;6720;88;0;0;0;56;0,900129762
504;29/01/2015 00:00;finishing ;6;0,5;2,9;NaN;1200;0;0;0;0;10;0,899
505;29/01/2015 00:00;finishing ;8;0,65;4,15;NaN;960;0;0;0;0;8;0,877552083
506;29/01/2015 00:00;finishing ;11;0,6;2,9;NaN;960;0;0;0;0;8;0,864583333
507;29/01/2015 00:00;finishing ;10;0,8;3,94;NaN;1200;0;0;0;0;10;0,85695
508;29/01/2015 00:00;finishing ;1;0,75;3,94;NaN;1200;0;0;0;0;10;0,853666667
509;29/01/2015 00:00;sweing;1;0,75;22,94;1579;6960;81;0;0;0;58;0,850362069
510;29/01/2015 00:00;sweing;9;0,7;29,12;1170;6960;53;0;0;0;58;0,850170115
511;29/01/2015 00:00;sweing;5;0,65;20,79;1015;7080;81;0;0;0;59;0,800473729
512;29/01/2015 00:00;finishing ;2;0,8;3,94;NaN;1200;0;0;0;0;10;0,773333333
513;29/01/2015 00:00;sweing;12;0,75;15,26;1436;4200;45;0;0;0;35;0,750646667
514;29/01/2015 00:00;finishing ;12;0,75;4,08;NaN;1080;0;0;0;0;9;0,634666667
515;29/01/2015 00:00;sweing;11;0,6;20,1;1601;4320;46;0;0;0;51;0,60059761
516;29/01/2015 00:00;sweing;6;0,5;18,79;717;3960;23;0;0;0;33;0,500117677
517;29/01/2015 00:00;finishing ;3;0,8;3,94;NaN;960;0;0;0;0;8;0,4925
518;29/01/2015 00:00;sweing;7;0,65;23,54;830;6600;0;0;0;0;55;0,48792
519;31/01/2015 00:00;sweing;3;0,8;22,52;1136;6960;113;0;0;0;58;1,000457471
520;31/01/2015 00:00;sweing;2;0,8;22,52;1397;6840;113;0;0;0;57;1,000230409
521;31/01/2015 00:00;finishing ;2;0,8;3,94;NaN;1200;0;0;0;0;10;0,971866667
522;31/01/2015 00:00;finishing ;3;0,8;3,94;NaN;960;0;0;0;0;8;0,971866667
523;31/01/2015 00:00;finishing ;4;0,8;3,94;NaN;1200;0;0;0;0;10;0,971866667
524;31/01/2015 00:00;finishing ;10;0,8;3,94;NaN;1200;0;0;0;0;10;0,971866667
525;31/01/2015 00:00;finishing ;1;0,75;3,94;NaN;1800;0;0;0;0;15;0,971866667
526;31/01/2015 00:00;finishing ;9;0,75;3,94;NaN;240;0;0;0;0;2;0,971866667
527;31/01/2015 00:00;finishing ;12;0,75;4,08;NaN;1080;0;0;0;0;9;0,971866667
528;31/01/2015 00:00;finishing ;5;0,7;3,94;NaN;240;0;0;0;0;2;0,971866667
529;31/01/2015 00:00;finishing ;7;0,7;3,94;NaN;1200;0;0;0;0;10;0,971866667
530;31/01/2015 00:00;finishing ;8;0,65;3,94;NaN;960;0;0;0;0;8;0,971866667
531;31/01/2015 00:00;finishing ;11;0,65;3,94;NaN;600;0;0;0;0;5;0,971866667
532;31/01/2015 00:00;finishing ;6;0,6;3,94;NaN;1200;0;0;0;0;10;0,971866667
533;31/01/2015 00:00;sweing;10;0,8;22,52;1116;6720;93;0;0;0;56;0,920236905
534;31/01/2015 00:00;sweing;4;0,8;22,52;1432;6660;88;0;0;0;57,5;0,900537069
535;31/01/2015 00:00;sweing;9;0,75;29,12;1082;6840;81;0;0;0;57;0,850610526
536;31/01/2015 00:00;sweing;1;0,75;22,94;1502;6960;81;0;0;0;58;0,850362069
537;31/01/2015 00:00;sweing;12;0,75;15,26;1209;4200;45;0;0;0;35;0,750646667
538;31/01/2015 00:00;sweing;5;0,7;50,89;282;5880;56;0;0;0;59;0,656763743
539;31/01/2015 00:00;sweing;11;0,65;20,1;1417;6480;49;0;0;0;54;0,650148148
540;31/01/2015 00:00;sweing;6;0,6;18,79;799;3960;23;0;0;0;33;0,600710606
541;31/01/2015 00:00;sweing;7;0,7;23,54;1109;6720;0;0;0;0;56;0,388830357
542;31/01/2015 00:00;sweing;8;0,5;23,54;1144;6480;0;0;0;0;54;0,286984568
543;01/02/2015 00:00;finishing ;8;0,65;4,15;NaN;960;0;0;0;0;8;1,0115625
544;01/02/2015 00:00;sweing;2;0,8;22,52;1396;6900;113;0;0;0;57,5;1,000671304
545;01/02/2015 00:00;sweing;1;0,8;22,94;1582;3060;113;0;0;0;58,5;1,000402055
546;01/02/2015 00:00;finishing ;1;0,75;3,94;NaN;2280;0;0;0;0;19;0,950438596
547;01/02/2015 00:00;sweing;3;0,8;22,52;1124;6840;100;0;0;0;57;0,950185965
548;01/02/2015 00:00;finishing ;2;0,8;3,94;NaN;1200;0;0;0;0;10;0,912766667
549;01/02/2015 00:00;finishing ;7;0,7;3,94;NaN;2160;0;0;0;0;18;0,892194444
550;01/02/2015 00:00;finnishing ;10;0,8;3,94;NaN;1200;0;0;0;0;10;0,8865
551;01/02/2015 00:00;sweing;10;0,8;22,52;1282;6720;75;0;0;0;56;0,850532143
552;01/02/2015 00:00;sweing;4;0,8;22,52;1472;7020;60;0;0;0;58,5;0,85011396
553;01/02/2015 00:00;finnishing ;4;0,8;4,3;NaN;1440;0;0;0;0;12;0,845069444
554;01/02/2015 00:00;sweing;9;0,75;29,12;1282;6960;45;0;0;0;58;0,750593103
555;01/02/2015 00:00;sweing;12;0,75;15,26;1276;1440;45;0;0;0;35;0,750450658
556;01/02/2015 00:00;finishing ;12;0,75;4,08;NaN;1080;0;0;0;0;9;0,702666667
557;01/02/2015 00:00;sweing;11;0,7;20,1;1192;6120;75;0;0;0;54;0,700508929
558;01/02/2015 00:00;sweing;6;0,65;18,79;881;3960;26;0;0;0;33;0,651007071
559;01/02/2015 00:00;sweing;8;0,6;24,26;1196;6600;0;0;0;0;55;0,466821212
560;01/02/2015 00:00;sweing;7;0,7;24,26;1400;6720;0;0;0;0;56;0,411553571
561;01/02/2015 00:00;finishing ;6;0,6;2,9;NaN;1200;0;0;0;0;10;0,314166667
562;02/02/2015 00:00;sweing;1;0,8;22,94;16882;7020;113;0;0;0;58,5;1,000602279
563;02/02/2015 00:00;finishing ;9;0,75;3,94;NaN;960;0;0;0;0;8;0,994270833
564;02/02/2015 00:00;sweing;2;0,8;22,52;21385;7020;88;0;0;0;58,5;0,900158405
565;02/02/2015 00:00;sweing;3;0,8;22,52;21266;6840;70;0;0;0;57;0,90014152
566;02/02/2015 00:00;sweing;10;0,8;22,52;21540;6720;88;0;0;0;56;0,900129762
567;02/02/2015 00:00;finishing ;10;0,8;3,94;NaN;1200;0;0;0;0;10;0,85695
568;02/02/2015 00:00;finishing ;4;0,8;4,3;NaN;1440;0;0;0;0;12;0,809236111
569;02/02/2015 00:00;sweing;12;0,8;15,26;12261;3600;63;0;0;0;35;0,800401961
570;02/02/2015 00:00;sweing;4;0,8;22,52;23122;5940;50;0;0;0;56,5;0,800393224
571;02/02/2015 00:00;sweing;9;0,75;29,12;8992;6960;55;0;0;0;58;0,799963218
572;02/02/2015 00:00;finishing ;12;0,75;4,08;NaN;1080;0;0;0;0;9;0,740444444
573;02/02/2015 00:00;sweing;11;0,7;20,55;9792;6480;60;0;0;0;54;0,700398148
574;02/02/2015 00:00;sweing;6;0,7;18,79;2984;3960;30;0;0;0;33;0,700354545
575;02/02/2015 00:00;finishing ;8;0,65;4,15;NaN;960;0;0;0;0;8;0,561979167
576;02/02/2015 00:00;finishing ;1;0,75;3,94;NaN;2280;0;0;0;0;19;0,504596491
577;02/02/2015 00:00;sweing;5;0,5;30,1;839;6960;0;0;0;0;58;0,500801724
578;02/02/2015 00:00;sweing;7;0,7;24,26;2698;6720;0;0;0;0;56;0,295307738
579;02/02/2015 00:00;finishing ;6;0,6;2,9;NaN;1200;0;0;0;0;10;0,280333333
580;02/02/2015 00:00;sweing;8;0,65;24,26;1435;6600;0;0;0;0;55;0,260978788
581;03/02/2015 00:00;finishing ;2;0,8;3,94;NaN;2400;0;0;0;0;20;1,001416667
582;03/02/2015 00:00;sweing;1;0,8;22,52;1500;6900;113;0;0;0;57,5;1,000018551
583;03/02/2015 00:00;sweing;10;0,8;22,52;1188;6720;90;0;0;0;56;0,999995238
584;03/02/2015 00:00;finishing ;1;0,8;3,94;NaN;1200;0;0;0;0;10;0,99485
585;03/02/2015 00:00;finishing ;8;0,7;4,15;NaN;960;0;0;0;0;8;0,976979167
586;03/02/2015 00:00;sweing;3;0,8;22,52;1112;6840;100;0;0;0;57;0,950185965
587;03/02/2015 00:00;sweing;2;0,8;22,52;1452;6960;100;0;0;0;58;0,949981609
588;03/02/2015 00:00;finishing ;9;0,75;3,94;NaN;1320;0;0;0;0;11;0,919954545
589;03/02/2015 00:00;sweing;4;0,8;22,52;340;5460;63;0;0;0;56,5;0,800434622
590;03/02/2015 00:00;sweing;12;0,8;15,26;1029;2040;50;0;0;0;35;0,800259023
591;03/02/2015 00:00;finishing ;12;0,8;4,08;NaN;1080;0;0;0;0;9;0,778222222
592;03/02/2015 00:00;sweing;9;0,75;29,12;1070;6960;34;0;0;0;58;0,750593103
593;03/02/2015 00:00;sweing;11;0,7;25,31;946;5760;60;0;0;0;54;0,700513566
594;03/02/2015 00:00;sweing;6;0,7;18,79;913;4020;30;0;0;0;33,5;0,700184577
595;03/02/2015 00:00;sweing;8;0,7;24,26;1363;6660;0;0;0;0;55,5;0,586465465
596;03/02/2015 00:00;sweing;7;0,7;24,26;1639;6720;0;0;0;0;56;0,541517857
597;03/02/2015 00:00;finishing ;4;0,8;4,3;NaN;1440;0;0;0;0;12;0,5375
598;03/02/2015 00:00;finishing ;6;0,7;2,9;NaN;960;0;0;0;0;8;0,495416667
599;03/02/2015 00:00;sweing;5;0,6;30,1;415;6960;0;0;0;0;58;0,415172414
600;04/02/2015 00:00;sweing;2;0,8;22,52;1263;6900;100;0;0;0;57,5;1,05028058
601;04/02/2015 00:00;sweing;3;0,8;22,52;968;6840;113;0;0;0;57;1,000230409
602;04/02/2015 00:00;sweing;10;0,8;22,52;1108;6720;113;0;0;0;56;0,999995238
603;04/02/2015 00:00;finishing;2;0,8;3,94;NaN;2160;0;0;0;0;18;0,966759259
604;04/02/2015 00:00;finishing;1;0,8;3,94;NaN;1200;0;0;0;0;10;0,929183333
605;04/02/2015 00:00;finishing;8;0,7;4,15;NaN;3000;0;0;0;0;25;0,915766667
606;04/02/2015 00:00;sweing;1;0,8;22,52;1532;6900;88;0;0;0;57,5;0,900147246
607;04/02/2015 00:00;sweing;12;0,8;15,26;1094;4080;38;0;0;0;34;0,800401961
608;04/02/2015 00:00;sweing;9;0,8;22,52;1086;6960;50;0;0;0;58;0,799963218
609;04/02/2015 00:00;finishing;7;0,7;3,94;NaN;960;0;0;0;0;8;0,779791667
610;04/02/2015 00:00;finishing;9;0,75;3,94;NaN;960;0;0;0;0;8;0,755166667
611;04/02/2015 00:00;sweing;6;0,7;18,79;941;3360;30;0;0;0;33;0,700710417
612;04/02/2015 00:00;sweing;7;0,7;24,26;1471;6960;0;0;0;0;58;0,700612069
613;04/02/2015 00:00;sweing;11;0,7;10,05;1042;6120;60;0;0;0;53;0,700278846
614;04/02/2015 00:00;sweing;8;0,7;29,12;1248;6840;0;0;0;0;57;0,700135088
615;04/02/2015 00:00;finishing ;12;0,8;4,08;NaN;1080;0;0;0;0;9;0,687555556
616;04/02/2015 00:00;sweing;5;0,65;30,1;326;5820;0;90;10;0;58,5;0,650834808
617;04/02/2015 00:00;finishing;6;0,7;2,9;NaN;960;0;0;0;0;8;0,531666667
618;04/02/2015 00:00;sweing;4;0,35;30,1;287;6060;23;150;15;0;55,5;0,350706422
619;05/02/2015 00:00;sweing;2;0,8;22,52;1300;6780;113;0;0;0;56,5;1,000446018
620;05/02/2015 00:00;sweing;1;0,8;22,52;1485;6900;113;0;0;0;57,5;1,000018551
621;05/02/2015 00:00;sweing;10;0,8;22,52;1039;6720;113;0;0;0;56;0,999995238
622;05/02/2015 00:00;finishing;2;0,8;3,94;NaN;2640;0;0;0;0;22;0,999924242
623;05/02/2015 00:00;sweing;3;0,8;22,52;1063;6840;100;0;0;0;57;0,950185965
624;05/02/2015 00:00;finishing;6;0,7;2,9;NaN;960;0;0;0;0;8;0,9425
625;05/02/2015 00:00;finishing;12;0,8;4,08;NaN;1080;0;0;0;0;9;0,906666667
626;05/02/2015 00:00;finishing;7;0,7;3,94;NaN;1200;0;0;0;0;10;0,8471
627;05/02/2015 00:00;finishing;1;0,8;3,94;NaN;1440;0;0;0;0;12;0,845458333
628;05/02/2015 00:00;sweing;12;0,8;15,26;1083;720;38;0;0;0;34;0,800612676
629;05/02/2015 00:00;sweing;9;0,8;29,12;1069;6960;50;0;0;0;58;0,799963218
630;05/02/2015 00:00;finishing;10;0,8;3,94;NaN;960;0;0;0;0;8;0,771583333
631;05/02/2015 00:00;sweing;11;0,75;10,05;668;2520;34;0;0;0;26;0,7504
632;05/02/2015 00:00;sweing;6;0,7;18,79;766;2760;30;0;0;0;33;0,700079032
633;05/02/2015 00:00;sweing;5;0,7;30,1;557;6960;0;0;0;0;58;0,562212644
634;05/02/2015 00:00;sweing;7;0,07;24,26;1608;6960;0;0;0;0;58;0,522844828
635;05/02/2015 00:00;sweing;4;0,5;30,1;417;6360;23;0;0;1;53;0,500720126
636;05/02/2015 00:00;sweing;8;0,7;24,26;1167;6840;0;0;0;0;57;0,496549708
637;07/02/2015 00:00;finishing;2;0,8;3,94;NaN;3000;0;0;0;0;25;1,050666667
638;07/02/2015 00:00;sweing;2;0,8;22,52;1186;6900;113;0;0;0;58;1,000018551
639;07/02/2015 00:00;sweing;3;0,8;22,52;1060;6840;100;0;0;0;57;0,950185965
640;07/02/2015 00:00;sweing;1;0,8;22,52;1534;6780;88;0;0;0;57;0,900135693
641;07/02/2015 00:00;sweing;10;0,8;22,52;1142;6720;88;0;0;0;56;0,900129762
642;07/02/2015 00:00;finishing;12;0,8;4,08;NaN;1080;0;0;0;0;9;0,899111111
643;07/02/2015 00:00;finishing;1;0,8;3,94;NaN;1200;0;0;0;0;10;0,870083333
644;07/02/2015 00:00;finishing;6;0,75;2,9;NaN;960;0;0;0;0;8;0,845833333
645;07/02/2015 00:00;sweing;12;0,8;15,26;1021;4080;63;0;0;0;34;0,800401961
646;07/02/2015 00:00;sweing;9;0,8;29,12;829;6960;50;0;0;0;58;0,799963218
647;07/02/2015 00:00;finishing;9;0,8;3,94;NaN;960;0;0;0;0;8;0,771583333
648;07/02/2015 00:00;sweing;6;0,75;18,79;813;1560;34;0;0;0;33;0,750520115
649;07/02/2015 00:00;sweing;11;0,75;10,05;677;3240;45;0;0;0;27;0,750027778
650;07/02/2015 00:00;finishing;7;0,7;3,94;NaN;1200;0;0;0;0;10;0,715766667
651;07/02/2015 00:00;sweing;7;0,7;24,26;658;6960;0;270;45;0;58;0,662270115
652;07/02/2015 00:00;sweing;4;0,6;30,1;486;6780;30;0;0;1;57;0,600224189
653;07/02/2015 00:00;sweing;5;0,7;30,1;687;7500;0;0;0;0;59;0,545657673
654;07/02/2015 00:00;finishing;4;0,8;4,3;NaN;960;0;0;0;0;8;0,447916667
655;07/02/2015 00:00;sweing;8;0,7;24,26;652;6840;0;300;37;0;57;0,365318713
656;08/02/2015 00:00;sweing;2;0,8;22,52;1233;6900;113;0;0;0;57,5;1,000018551
657;08/02/2015 00:00;finishing;7;0,7;4,15;NaN;1440;0;0;0;0;12;0,928680556
658;08/02/2015 00:00;sweing;10;0,8;22,52;1388;6720;88;0;0;0;56;0,9008
659;08/02/2015 00:00;sweing;1;0,8;22,52;1615;6780;88;0;0;0;56,5;0,900135693
660;08/02/2015 00:00;sweing;3;0,8;22,52;1283;6720;88;0;0;0;56;0,900129762
661;08/02/2015 00:00;finishing;1;0,8;3,94;NaN;1200;0;0;0;0;10;0,893066667
662;08/02/2015 00:00;finishing;12;0,8;4,08;NaN;1080;0;0;0;0;9;0,891555556
663;08/02/2015 00:00;finishing;2;0,8;3,94;NaN;2160;0;0;0;0;18;0,875555556
664;08/02/2015 00:00;finishing;8;0,7;4,15;NaN;1800;0;0;0;0;15;0,840888889
665;08/02/2015 00:00;sweing;12;0,8;15,26;1026;2880;63;0;0;0;34;0,800355208
666;08/02/2015 00:00;sweing;9;0,8;29,12;909;6960;50;0;0;0;58;0,799963218
667;08/02/2015 00:00;sweing;6;0,75;18,79;670;3960;34;0;0;0;33;0,75065101
668;08/02/2015 00:00;sweing;11;0,75;10,05;629;3240;45;0;0;0;27;0,750027778
669;08/02/2015 00:00;sweing;5;0,7;30,1;754;7020;0;0;0;0;58,5;0,700618234
670;08/02/2015 00:00;finishing;6;0,75;2,9;NaN;960;0;0;0;0;8;0,610208333
671;08/02/2015 00:00;finishing;9;0,8;3,94;NaN;960;0;0;0;0;8;0,607416667
672;08/02/2015 00:00;sweing;4;0,65;30,1;712;6780;44;0;0;1;56,5;0,568259587
673;08/02/2015 00:00;sweing;7;0,7;24,26;148;6960;0;0;0;0;58;0,355534483
674;08/02/2015 00:00;sweing;8;0,7;24,26;154;6840;0;0;0;0;57;0,353259649
675;09/02/2015 00:00;finishing;2;0,8;3,94;NaN;2160;0;0;0;0;18;1,057962963
676;09/02/2015 00:00;finishing;1;0,8;3,94;NaN;1200;0;0;0;0;10;0,962016667
677;09/02/2015 00:00;sweing;10;0,8;22,52;1127;120;88;0;0;0;56;0,9008
678;09/02/2015 00:00;sweing;1;0,8;22,52;1506;3600;70;0;0;0;57;0,900509044
679;09/02/2015 00:00;sweing;2;0,8;22,52;1413;360;70;0;0;0;57;0,900477825
680;09/02/2015 00:00;finishing;6;0,75;2,9;NaN;960;0;0;0;0;8;0,888125
681;09/02/2015 00:00;sweing;12;0,8;15,26;970;4080;63;0;0;0;34;0,800401961
682;09/02/2015 00:00;sweing;3;0,8;22,52;1271;5400;50;0;0;0;57;0,800161172
683;09/02/2015 00:00;sweing;9;0,8;29,12;1073;6960;50;0;0;0;58;0,799963218
684;09/02/2015 00:00;sweing;4;0,7;30,1;767;3300;50;0;0;1;57;0,790003236
685;09/02/2015 00:00;sweing;11;0,75;10,05;103;0;45;0;0;0;54;0,750648148
686;09/02/2015 00:00;finishing;8;0,35;4,15;NaN;1800;0;0;0;0;15;0,707111111
687;09/02/2015 00:00;sweing;5;0,7;30,1;773;7020;40;0;0;0;58;0,700618234
688;09/02/2015 00:00;finishing;9;0,8;3,94;NaN;960;0;0;0;0;8;0,697708333
689;09/02/2015 00:00;sweing;6;0,75;18,79;708;4080;0;0;0;0;34;0,612517157
690;09/02/2015 00:00;sweing;7;0,35;30,1;842;6960;0;0;0;1;58;0,350301724
691;09/02/2015 00:00;sweing;8;0,35;30,1;901;6960;0;0;0;1;58;0,350301724
692;09/02/2015 00:00;finishing;12;0,8;4,08;NaN;1080;0;0;0;0;9;0,272
693;10/02/2015 00:00;finishing;12;0,8;4,08;NaN;1080;0;0;0;0;9;1,004888889
694;10/02/2015 00:00;finishing;2;0,8;3,94;NaN;2160;0;0;0;0;18;0,966759259
695;10/02/2015 00:00;sweing;10;0,8;22,52;1268;0;88;0;0;0;56;0,90063244
696;10/02/2015 00:00;sweing;1;0,8;22,52;1546;0;88;0;0;0;57;0,90047076
697;10/02/2015 00:00;sweing;3;0,8;22,52;813;0;88;0;0;0;57;0,90047076
698;10/02/2015 00:00;sweing;2;0,8;22,52;1512;0;88;0;0;0;57;0,899984058
699;10/02/2015 00:00;finishing;1;0,8;3,94;NaN;1440;0;0;0;0;12;0,853666667
700;10/02/2015 00:00;sweing;9;0,8;29,12;1263;2160;38;0;0;0;58;0,8008
701;10/02/2015 00:00;sweing;12;0,8;15,26;900;4080;50;0;0;0;34;0,800401961
702;10/02/2015 00:00;finishing;4;0,7;4,15;NaN;1800;0;0;0;0;15;0,796755556
703;10/02/2015 00:00;sweing;6;0,75;18,79;640;2400;0;0;0;0;34;0,750797009
704;10/02/2015 00:00;sweing;11;0,8;10,05;13;3240;34;0;0;0;54;0,750648148
705;10/02/2015 00:00;sweing;5;0,75;30,1;855;7020;45;0;0;0;58;0,750356125
706;10/02/2015 00:00;finishing;8;0,35;4,15;NaN;960;0;0;0;0;8;0,703770833
707;10/02/2015 00:00;sweing;4;0,7;30,1;855;7020;40;0;0;1;58;0,700618234
708;10/02/2015 00:00;finishing;9;0,8;3,94;NaN;960;0;0;0;0;8;0,6895
709;10/02/2015 00:00;finishing;6;0,75;2,9;NaN;960;0;0;0;0;8;0,628333333
710;10/02/2015 00:00;sweing;7;0,5;30,1;1025;6960;23;0;0;1;58;0,500801724
711;10/02/2015 00:00;sweing;8;0,5;30,1;1061;6960;30;0;0;1;58;0,393548851
712;11/02/2015 00:00;finishing;4;0,7;4,15;NaN;1800;0;0;0;0;15;1,033155556
713;11/02/2015 00:00;finishing;12;0,8;4,08;NaN;1080;0;0;0;0;9;1,02
714;11/02/2015 00:00;sweing;2;0,8;22,52;1557;0;90;0;0;0;57,5;1,000344928
715;11/02/2015 00:00;sweing;1;0,8;22,52;1498;0;113;0;0;0;57;1,000065789
716;11/02/2015 00:00;finishing;8;0,35;4,15;NaN;1440;0;0;0;0;12;0,994375
717;11/02/2015 00:00;finishing;2;0,8;3,94;NaN;2160;0;0;0;0;18;0,912037037
718;11/02/2015 00:00;finishing;5;0,7;4,15;NaN;240;0;0;0;0;2;0,87
719;11/02/2015 00:00;sweing;10;0,8;22,52;598;0;75;0;0;0;56;0,850364583
720;11/02/2015 00:00;sweing;6;0,8;18,79;656;3480;38;0;0;0;34;0,800947475
721;11/02/2015 00:00;sweing;12;0,8;15,26;854;4080;50;0;0;0;34;0,800401961
722;11/02/2015 00:00;sweing;9;0,8;29,12;609;3240;50;0;0;0;58;0,800144144
723;11/02/2015 00:00;sweing;5;0,75;30,1;788;7380;56;0;0;0;59,5;0,750406233
724;11/02/2015 00:00;sweing;8;0,6;30,1;1069;4560;30;0;0;1;58;0,714410494
725;11/02/2015 00:00;sweing;4;0,7;30,1;667;5940;40;0;0;1;59,5;0,700588406
726;11/02/2015 00:00;finishing;1;0,8;3,94;NaN;1440;0;0;0;0;12;0,618361111
727;11/02/2015 00:00;sweing;7;0,6;30,1;829;3360;23;0;0;1;58;0,600070513
728;11/02/2015 00:00;finishing;9;0,8;3,94;NaN;960;0;0;0;0;8;0,54175
729;11/02/2015 00:00;sweing;3;0,8;22,52;11;6840;0;0;0;1;57;0,536901754
730;11/02/2015 00:00;sweing;11;0,35;11,41;434;3240;0;0;0;1;52;0,507903226
731;12/02/2015 00:00;sweing;1;0,8;22,52;1397;0;138;0;0;0;57;1,100483918
732;12/02/2015 00:00;finishing;4;0,7;4,15;NaN;1800;0;0;0;0;15;1,096633333
733;12/02/2015 00:00;sweing;2;0,8;22,52;1327;0;113;0;0;0;57,5;1,000344928
734;12/02/2015 00:00;finishing;12;0,8;4,08;NaN;1080;0;0;0;0;9;0,838666667
735;12/02/2015 00:00;sweing;12;0,8;15,26;894;4080;50;0;0;0;34;0,800401961
736;12/02/2015 00:00;finishing;8;0,35;4,15;NaN;1440;0;0;0;0;12;0,755486111
737;12/02/2015 00:00;sweing;5;0,75;30,1;610;7080;56;0;0;0;59;0,750799435
738;12/02/2015 00:00;sweing;6;0,8;18,79;779;3960;0;0;0;0;33;0,688017677
739;12/02/2015 00:00;finishing;1;0,8;3,94;NaN;1440;0;0;0;0;12;0,664875
740;12/02/2015 00:00;finishing;9;0,8;3,94;NaN;960;0;0;0;0;8;0,656666667
741;12/02/2015 00:00;sweing;4;0,7;30,1;419;7080;0;0;0;1;59;0,637711864
742;12/02/2015 00:00;finishing;2;0,8;3,94;NaN;2160;0;0;0;0;18;0,601944444
743;12/02/2015 00:00;finishing;5;0,7;4,15;NaN;240;0;0;0;0;2;0,58
744;12/02/2015 00:00;sweing;7;0,65;30,1;909;7080;0;0;0;1;59;0,535677966
745;12/02/2015 00:00;sweing;11;0,5;11,41;1039;2280;0;0;0;2;55;0,50012336
746;12/02/2015 00:00;sweing;9;0,8;29,12;14;6960;0;0;0;0;58;0,497885057
747;12/02/2015 00:00;sweing;8;0,65;30,1;1193;7080;0;0;0;1;59;0,463403955
748;12/02/2015 00:00;sweing;10;0,8;22,52;10;6000;0;0;0;0;50;0,441392
749;12/02/2015 00:00;sweing;3;0,35;30,1;770;6960;0;0;0;1;58;0,350301724
750;14/02/2015 00:00;sweing;1;0,8;22,52;1416;6840;113;0;0;0;57;1,000230409
751;14/02/2015 00:00;finishing;7;0,7;4,15;NaN;1800;0;0;0;0;15;0,929277778
752;14/02/2015 00:00;finishing;4;0,75;4,15;NaN;2400;0;0;0;0;20;0,902916667
753;14/02/2015 00:00;finishing;12;0,8;4,08;NaN;1080;0;0;0;0;9;0,800888889
754;14/02/2015 00:00;sweing;12;0,8;15,26;942;4080;63;0;0;0;34;0,800401961
755;14/02/2015 00:00;sweing;2;0,8;22,52;674;3660;63;0;0;0;57;0,80037492
756;14/02/2015 00:00;finishing;1;0,8;3,94;NaN;1440;0;0;0;0;12;0,796208333
757;14/02/2015 00:00;sweing;4;0,75;30,1;481;7140;0;0;0;1;59;0,750392157
758;14/02/2015 00:00;sweing;5;0,75;30,1;664;7140;56;0;0;0;59;0,750392157
759;14/02/2015 00:00;finishing;8;0,7;4,15;NaN;960;0;0;0;0;8;0,725625
760;14/02/2015 00:00;sweing;8;0,7;30,1;824;5160;0;0;0;1;60;0,700206125
761;14/02/2015 00:00;sweing;7;0,7;30,1;957;7200;0;0;0;1;60;0,602
762;14/02/2015 00:00;sweing;11;0,6;11,41;1039;2280;23;0;0;2;55;0,600447507
763;14/02/2015 00:00;sweing;6;0,8;18,79;822;4080;0;0;0;0;34;0,557252451
764;14/02/2015 00:00;sweing;3;0,5;30,1;1261;6960;30;0;0;1;58;0,500801724
765;14/02/2015 00:00;finishing;6;0,8;2,9;NaN;960;0;0;0;0;8;0,483333333
766;14/02/2015 00:00;finishing;9;0,8;3,94;NaN;960;0;0;0;0;8;0,238041667
767;15/02/2015 00:00;finishing;1;0,8;3,94;NaN;960;0;0;0;0;8;1,1204375
768;15/02/2015 00:00;finishing;2;0,8;3,94;NaN;960;0;0;0;0;8;1,108125
769;15/02/2015 00:00;sweing;1;0,8;22,52;1420;6840;113;0;0;0;57;1,000230409
770;15/02/2015 00:00;finishing;12;0,8;4,08;NaN;1080;0;0;0;0;9;0,876444444
771;15/02/2015 00:00;sweing;12;0,8;15,26;1120;1440;50;0;0;0;34;0,800806306
772;15/02/2015 00:00;finishing;5;0,75;4,15;NaN;240;0;0;0;0;2;0,760833333
773;15/02/2015 00:00;sweing;5;0,8;30,1;679;7140;0;0;0;0;59,5;0,722568627
774;15/02/2015 00:00;finishing;11;0,6;2,9;NaN;1200;0;0;0;0;10;0,715333333
775;15/02/2015 00:00;sweing;7;0,7;30,1;881;7080;0;0;0;1;59;0,700632768
776;15/02/2015 00:00;sweing;8;0,7;30,1;507;5880;40;2;10;1;59;0,700573099
777;15/02/2015 00:00;sweing;6;0,75;18,79;814;4080;0;0;0;0;34;0,681598039
778;15/02/2015 00:00;sweing;11;0,65;11,41;700;2640;23;0;0;2;53;0,650223718
779;15/02/2015 00:00;finishing;8;0,7;4,15;NaN;960;0;0;0;0;8;0,605208333
780;15/02/2015 00:00;finishing;6;0,8;2,9;NaN;960;0;0;0;0;8;0,604166667
781;15/02/2015 00:00;sweing;4;0,75;30,1;919;7140;0;0;0;1;59,5;0,598627451
782;15/02/2015 00:00;sweing;3;0,6;30,1;1361;6960;30;0;0;1;58;0,475718391
783;15/02/2015 00:00;sweing;2;0,8;22,52;12;6900;0;0;0;0;57,5;0,432122899
784;15/02/2015 00:00;finishing;4;0,75;4,15;NaN;2400;0;0;0;0;20;0,287041667
785;15/02/2015 00:00;sweing;9;0,5;18,79;1688;5280;0;0;0;1;54;0,283054487
786;16/02/2015 00:00;sweing;1;0,8;22,52;1422;6840;113;0;0;0;57;1,000230409
787;16/02/2015 00:00;finishing;9;0,8;3,94;NaN;1200;0;0;0;0;10;0,960433333
788;16/02/2015 00:00;finishing;12;0,8;4,08;NaN;1080;0;0;0;0;9;0,891555556
789;16/02/2015 00:00;finishing;3;0,5;4,15;NaN;960;0;0;0;0;8;0,864583333
790;16/02/2015 00:00;sweing;3;0,65;30,1;1263;600;63;0;0;1;58;0,802243319
791;16/02/2015 00:00;sweing;5;0,8;30,1;461;0;0;0;0;0;59;0,800980392
792;16/02/2015 00:00;sweing;12;0,8;15,26;1079;3720;38;0;0;0;34;0,800312375
793;16/02/2015 00:00;finishing;6;0,8;2,9;NaN;960;0;0;0;0;8;0,773333333
794;16/02/2015 00:00;sweing;6;0,75;18,79;895;3960;0;0;0;0;33;0,75065101
795;16/02/2015 00:00;sweing;4;0,75;30,1;912;7020;0;0;0;1;58;0,750356125
796;16/02/2015 00:00;finishing;4;0,75;4,15;NaN;1800;0;0;0;0;15;0,722333333
797;16/02/2015 00:00;sweing;7;0,7;30,1;784;600;30;0;0;1;59;0,700459889
798;16/02/2015 00:00;finishing;5;0,75;4,15;NaN;1200;0;0;0;0;10;0,629416667
799;16/02/2015 00:00;sweing;8;0,7;30,1;7;7080;27;2;10;2;59;0,621971751
800;16/02/2015 00:00;sweing;11;0,7;11,41;680;2160;30;0;0;2;54;0,565972222
801;16/02/2015 00:00;sweing;10;0,6;18,22;1131;5280;0;0;0;1;44;0,35542803
802;16/02/2015 00:00;sweing;9;0,6;18,79;2103;5400;0;0;0;1;54;0,329964879
803;16/02/2015 00:00;finishing;7;0,7;4,15;NaN;1800;0;0;0;0;15;0,258
804;17/02/2015 00:00;sweing;1;0,8;22,52;1445;6840;113;0;0;0;57;1,000230409
805;17/02/2015 00:00;finishing;10;0,8;3,94;NaN;960;0;0;0;0;8;0,927541667
806;17/02/2015 00:00;finishing;7;0,7;5,13;NaN;1200;0;0;0;0;10;0,91375
807;17/02/2015 00:00;finishing;12;0,8;5,13;NaN;1080;0;0;0;0;9;0,9025
808;17/02/2015 00:00;sweing;12;0,8;15,26;1133;4080;38;0;0;0;34;0,800401961
809;17/02/2015 00:00;finishing;3;0,5;5,13;NaN;1800;0;0;0;0;15;0,7866
810;17/02/2015 00:00;sweing;6;0,75;18,79;726;3360;0;0;0;0;33;0,750621354
811;17/02/2015 00:00;sweing;4;0,75;30,1;849;7020;45;0;0;1;58;0,750356125
812;17/02/2015 00:00;finishing;6;0,8;2,9;NaN;960;0;0;0;0;8;0,749166667
813;17/02/2015 00:00;sweing;7;0,7;30,1;562;840;30;0;0;1;59;0,700888203
814;17/02/2015 00:00;sweing;11;0,7;11,41;1054;3420;30;0;0;2;56;0,700614035
815;17/02/2015 00:00;sweing;3;0,7;30,1;1422;6960;50;0;0;1;58;0,700603448
816;17/02/2015 00:00;finishing;4;0,75;5,13;NaN;960;0;0;0;0;8;0,656666667
817;17/02/2015 00:00;sweing;5;0,8;30,1;680;7140;0;0;0;0;59;0,653431373
818;17/02/2015 00:00;sweing;9;0,65;18,79;2120;5520;0;0;0;1;51;0,650134
819;17/02/2015 00:00;sweing;8;0,6;29,4;179;0;23;5;30;2;58;0,600982906
820;17/02/2015 00:00;finishing;9;0,8;3,94;NaN;960;0;0;0;0;8;0,586041667
821;17/02/2015 00:00;finishing;2;0,8;5,13;NaN;1800;0;0;0;0;15;0,5814
822;17/02/2015 00:00;sweing;2;0,5;30,33;838;6720;0;0;0;1;56;0,361071429
823;17/02/2015 00:00;sweing;10;0,65;18,22;741;0;0;8;35;1;49;0,302117347
824;18/02/2015 00:00;finishing;12;0,8;5,13;NaN;1200;0;0;0;0;10;0,9918
825;18/02/2015 00:00;finishing;6;0,8;2,9;NaN;1440;0;0;0;0;12;0,936861111
826;18/02/2015 00:00;finishing;2;0,8;5,13;NaN;1440;0;0;0;0;12;0,919125
827;18/02/2015 00:00;sweing;11;0,7;11,41;685;3360;30;0;0;2;56;0,8211125
828;18/02/2015 00:00;sweing;4;0,8;30,1;864;480;50;0;0;1;58;0,800980392
829;18/02/2015 00:00;sweing;5;0,8;30,1;511;0;0;0;0;0;59;0,800980392
830;18/02/2015 00:00;sweing;12;0,8;15,26;1095;4080;63;0;0;0;34;0,800401961
831;18/02/2015 00:00;sweing;1;0,8;22,52;1374;3960;63;0;0;0;57;0,800279693
832;18/02/2015 00:00;sweing;6;0,75;18,79;759;3960;34;0;0;0;33;0,75065101
833;18/02/2015 00:00;sweing;7;0,75;30,1;553;2280;45;0;0;1;59;0,75053268
834;18/02/2015 00:00;finishing;4;0,75;5,13;NaN;960;0;0;0;0;8;0,734645833
835;18/02/2015 00:00;sweing;3;0,7;30,1;1057;0;40;0;0;1;58;0,700603448
836;18/02/2015 00:00;sweing;9;0,7;18,79;1587;4560;30;0;0;1;51;0,70009573
837;18/02/2015 00:00;finishing;7;0,7;5,13;NaN;960;0;0;0;0;8;0,671875
838;18/02/2015 00:00;finishing;10;0,8;3,94;NaN;960;0;0;0;0;8;0,64025
839;18/02/2015 00:00;finishing;8;0,7;5,13;NaN;960;0;0;0;0;8;0,58
840;18/02/2015 00:00;finishing;9;0,8;3,94;NaN;960;0;0;0;0;8;0,549791667
841;18/02/2015 00:00;sweing;2;0,6;30,33;868;6840;0;0;0;1;57;0,328131579
842;18/02/2015 00:00;sweing;10;0,7;19,68;1119;5640;0;8;35;1;47;0,303574468
843;18/02/2015 00:00;finishing;3;0,5;5,13;NaN;960;0;0;0;0;8;0,2565
844;18/02/2015 00:00;sweing;8;0,65;29,4;962;4560;0;4,5;30;2;57;0,251399254
845;19/02/2015 00:00;finishing;3;0,5;5,13;NaN;2880;0;0;0;0;12;0,81640625
846;19/02/2015 00:00;sweing;12;0,8;15,26;1126;1080;38;0;0;0;34;0,800711494
847;19/02/2015 00:00;sweing;1;0,8;22,52;265;3840;63;0;0;0;57;0,800470513
848;19/02/2015 00:00;sweing;4;0,8;30,1;859;7020;63;0;0;1;58,5;0,800094017
849;19/02/2015 00:00;sweing;5;0,8;30,1;276;600;63;3,5;15;0;59,5;0,799982853
850;19/02/2015 00:00;finishing;6;0,8;2,9;NaN;4320;0;0;0;0;18;0,785864198
851;19/02/2015 00:00;sweing;6;0,75;18,79;899;3960;56;0;0;0;33;0,75065101
852;19/02/2015 00:00;finishing;10;0,8;3,94;NaN;2400;0;0;0;0;10;0,733277778
853;19/02/2015 00:00;finishing;2;0,8;5,13;NaN;3600;0;0;0;0;15;0,710125
854;19/02/2015 00:00;sweing;3;0,7;30,1;247;6960;50;0;0;1;58;0,700603448
855;19/02/2015 00:00;sweing;11;0,7;11,41;653;3480;30;0;0;2;58;0,700540441
856;19/02/2015 00:00;sweing;8;0,7;29,4;1116;6240;0;0;0;2;57;0,7
857;19/02/2015 00:00;finishing;4;0,75;5,13;NaN;1920;0;0;0;0;8;0,684027778
858;19/02/2015 00:00;finishing;8;0,7;5,13;NaN;1920;0;0;0;0;8;0,672135417
859;19/02/2015 00:00;sweing;9;0,7;18,79;1603;6120;30;0;0;1;51;0,638614379
860;19/02/2015 00:00;finishing;5;0,75;5,13;NaN;1920;0;0;0;0;8;0,631354167
861;19/02/2015 00:00;sweing;7;0,75;30,1;444;0;0;5;20;1;59;0,611140537
862;19/02/2015 00:00;finishing;12;0,8;5,13;NaN;2160;0;0;0;0;9;0,609583333
863;19/02/2015 00:00;sweing;2;0,65;30,33;841;6840;0;0;0;1;57;0,585315789
864;19/02/2015 00:00;sweing;10;0,7;19,68;1410;5760;0;0;0;1;48;0,249416667
865;22/02/2015 00:00;finishing;3;0,5;5,13;NaN;1800;0;0;0;0;15;0,8721
866;22/02/2015 00:00;finishing;6;0,8;2,9;NaN;960;0;0;0;0;8;0,8319375
867;22/02/2015 00:00;finishing;2;0,8;5,13;NaN;4800;0;0;0;0;20;0,8300625
868;22/02/2015 00:00;finishing;11;0,6;2,9;NaN;2880;0;0;0;0;12;0,805555556
869;22/02/2015 00:00;sweing;12;0,8;15,26;1103;4080;63;0;0;0;34;0,800401961
870;22/02/2015 00:00;sweing;4;0,8;30,1;922;5820;63;0;0;1;59;0,80000295
871;22/02/2015 00:00;finishing;12;0,8;5,13;NaN;2400;0;0;0;0;10;0,78375
872;22/02/2015 00:00;finishing;9;0,8;3,94;NaN;2400;0;0;0;0;10;0,753525
873;22/02/2015 00:00;sweing;6;0,75;18,79;1055;3960;45;0;0;0;33;0,75065101
874;22/02/2015 00:00;finishing;1;0,8;3,94;NaN;2880;0;0;0;0;12;0,727349537
875;22/02/2015 00:00;sweing;8;0,7;29,4;1146;6840;40;0;0;2;57;0,700614035
876;22/02/2015 00:00;sweing;2;0,7;30,33;746;6840;0;0;0;1;57;0,700605263
877;22/02/2015 00:00;sweing;11;0,75;11,41;834;3480;0;0;0;2;58;0,672140805
878;22/02/2015 00:00;sweing;9;0,7;18,79;1717;3240;30;0;0;1;57;0,627011183
879;22/02/2015 00:00;sweing;3;0,7;30,1;1041;8160;33;0;0;2;58;0,626577778
880;22/02/2015 00:00;sweing;10;0,7;21,25;1531;6000;0;0;0;1;50;0,456875
881;22/02/2015 00:00;sweing;7;0,75;30,1;627;6960;0;3,5;20;1;58;0,393548851
882;22/02/2015 00:00;finishing;10;0,8;3,94;NaN;960;0;0;0;0;8;0,385791667
883;22/02/2015 00:00;sweing;5;0,8;30,1;450;5700;0;4,5;25;0;60;0,307501459
884;22/02/2015 00:00;finishing;7;0,7;5,13;NaN;960;0;0;0;0;8;0,283958333
885;23/02/2015 00:00;finishing;10;0,8;3,94;NaN;2400;0;0;0;0;20;0,955791667
886;23/02/2015 00:00;finishing;8;0,7;5,13;NaN;960;0;0;0;0;8;0,930416667
887;23/02/2015 00:00;finishing;12;0,8;5,13;NaN;1080;0;0;0;0;9;0,9025
888;23/02/2015 00:00;finishing;3;0,8;5,13;NaN;2160;0;0;0;0;18;0,87115
889;23/02/2015 00:00;sweing;12;0,8;15,26;1060;4080;63;0;0;0;34;0,800401961
890;23/02/2015 00:00;sweing;4;0,8;30,1;891;7140;38;0;0;1;59;0,800137255
891;23/02/2015 00:00;sweing;5;0,8;30,1;541;7140;38;0;0;0;59;0,800137255
892;23/02/2015 00:00;sweing;7;0,75;30,1;709;6960;45;0;0;1;58;0,750770115
893;23/02/2015 00:00;sweing;6;0,75;18,79;1100;3960;45;0;0;0;33;0,75065101
894;23/02/2015 00:00;sweing;11;0,75;11,41;826;2820;0;0;0;2;58;0,750293939
895;23/02/2015 00:00;sweing;2;0,7;30,33;577;2160;30;0;0;1;58;0,700623
896;23/02/2015 00:00;sweing;8;0,7;29,4;1094;6840;40;0;0;2;57;0,700614035
897;23/02/2015 00:00;sweing;3;0,7;29,4;1228;6960;30;0;0;2;58;0,700362069
898;23/02/2015 00:00;sweing;9;0,7;18,79;1641;6000;40;0;0;1;50;0,60128
899;23/02/2015 00:00;sweing;10;0,7;21,25;1583;6000;0;0;0;1;50;0,417916667
900;23/02/2015 00:00;finishing;6;0,8;2,9;NaN;960;0;0;0;0;8;0,3715625
901;23/02/2015 00:00;finishing;9;0,8;2,9;NaN;960;0;0;0;0;8;0,3715625
902;23/02/2015 00:00;finishing;2;0,8;5,13;NaN;960;0;0;0;0;8;0,36871875
903;23/02/2015 00:00;finishing;7;0,7;5,13;NaN;960;0;0;0;0;8;0,356458333
904;24/02/2015 00:00;finishing;10;0,7;2,9;NaN;1800;0;0;0;0;15;0,902222222
905;24/02/2015 00:00;finishing;3;0,8;4,6;NaN;1440;0;0;0;0;12;0,811388889
906;24/02/2015 00:00;sweing;12;0,8;15,26;1062;4080;50;0;0;0;34;0,800401961
907;24/02/2015 00:00;sweing;5;0,8;30,1;450;7140;50;0;0;0;60;0,800137255
908;24/02/2015 00:00;sweing;4;0,8;30,1;901;6480;50;0;0;1;59;0,800071839
909;24/02/2015 00:00;finishing;8;0,7;4,6;NaN;960;0;0;0;0;8;0,791458333
910;24/02/2015 00:00;sweing;7;0,75;30,1;739;5640;45;0;0;1;59;0,750727326
911;24/02/2015 00:00;sweing;6;0,75;18,79;913;3360;45;0;0;0;33;0,75065101
912;24/02/2015 00:00;sweing;11;0,75;11,61;698;3360;34;0;0;2;57;0,750437269
913;24/02/2015 00:00;sweing;3;0,75;29,4;1172;5340;45;0;0;2;60;0,750176991
914;24/02/2015 00:00;finishing;6;0,75;2,9;NaN;1800;0;0;0;0;15;0,726933333
915;24/02/2015 00:00;finishing;9;0,7;2,9;NaN;1800;0;0;0;0;15;0,726933333
916;24/02/2015 00:00;sweing;2;0,7;30,33;408;1680;30;0;0;1;59;0,700623
917;24/02/2015 00:00;sweing;8;0,7;29,4;1079;4560;40;0;0;2;58;0,700518519
918;24/02/2015 00:00;sweing;9;0,7;18,79;1068;3000;30;0;0;1;52;0,700256795
919;24/02/2015 00:00;finishing;11;0,7;2,9;NaN;960;0;0;0;0;8;0,5046875
920;24/02/2015 00:00;sweing;10;0,7;21,25;1834;6360;0;0;0;1;53;0,471108491
921;24/02/2015 00:00;finishing;2;0,7;3,9;NaN;960;0;0;0;0;8;0,325
922;24/02/2015 00:00;sweing;1;0,6;22,53;708;5040;0;0;0;1;42;0,268214286
923;25/02/2015 00:00;sweing;9;0,75;18,79;1085;6240;56;0;0;1;52;0,970816667
924;25/02/2015 00:00;finishing;5;0,8;4,6;NaN;1080;0;0;0;0;9;0,902962963
925;25/02/2015 00:00;finishing;3;0,8;4,6;NaN;2400;0;0;0;0;20;0,900833333
926;25/02/2015 00:00;finishing;12;0,8;4,6;NaN;1800;0;0;0;0;15;0,899555556
927;25/02/2015 00:00;finishing;10;0,7;2,9;NaN;1200;0;0;0;0;10;0,845833333
928;25/02/2015 00:00;sweing;4;0,8;30,1;323;4080;50;0;0;1;59;0,800808642
929;25/02/2015 00:00;sweing;12;0,8;15,26;1053;4080;50;0;0;0;34;0,800401961
930;25/02/2015 00:00;sweing;7;0,8;30,1;786;7080;50;0;0;2;59;0,800115819
931;25/02/2015 00:00;sweing;6;0,75;18,79;1003;3960;45;0;0;1;33;0,75065101
932;25/02/2015 00:00;sweing;11;0,75;11,61;635;3360;45;0;0;0;57;0,750503571
933;25/02/2015 00:00;sweing;3;0,75;29,4;1283;6960;45;0;0;2;58;0,750206897
934;25/02/2015 00:00;sweing;8;0,7;29,4;847;6960;30;0;0;1;58;0,700362069
935;25/02/2015 00:00;sweing;2;0,7;30,33;361;3960;30;0;0;1;58;0,700069811
936;25/02/2015 00:00;sweing;10;0,7;21,82;1653;6240;0;0;0;2;52;0,700058333
937;25/02/2015 00:00;finishing;7;0,75;4,6;NaN;960;0;0;0;0;8;0,676666667
938;25/02/2015 00:00;finishing;8;0,7;4,6;NaN;960;0;0;0;0;8;0,658541667
939;25/02/2015 00:00;sweing;5;0,8;30,1;15;1200;49;0;0;1;59;0,598792339
940;25/02/2015 00:00;sweing;1;0,65;22,53;762;5040;0;0;0;1;42;0,581130952
941;25/02/2015 00:00;finishing;2;0,7;3,9;NaN;960;0;0;0;0;8;0,440375
942;25/02/2015 00:00;finishing;6;0,75;2,9;NaN;960;0;0;0;0;8;0,410833333
943;25/02/2015 00:00;finishing;9;0,7;2,9;NaN;960;0;0;0;0;8;0,410833333
944;26/02/2015 00:00;finishing;3;0,8;4,6;NaN;6300;0;0;0;0;15;0,921703704
945;26/02/2015 00:00;finishing;5;0,8;4,6;NaN;7560;0;0;0;0;18;0,921604938
946;26/02/2015 00:00;sweing;7;0,8;30,1;694;4080;50;0;0;1;59;0,800808642
947;26/02/2015 00:00;sweing;11;0,8;11,61;816;2820;50;0;0;2;57;0,800516667
948;26/02/2015 00:00;sweing;12;0,8;15,26;1065;4080;63;0;0;0;34;0,800401961
949;26/02/2015 00:00;finishing;1;0,5;3,94;NaN;3360;0;0;0;0;8;0,768847222
950;26/02/2015 00:00;sweing;6;0,75;18,79;912;3960;45;0;0;0;33;0,75065101
951;26/02/2015 00:00;sweing;3;0,75;29,4;1244;6840;45;0;0;2;57;0,750473684
952;26/02/2015 00:00;sweing;9;0,75;18,79;1020;5640;45;0;0;1;52;0,750371895
953;26/02/2015 00:00;sweing;8;0,75;29,4;916;6960;56;0;0;2;58;0,750206897
954;26/02/2015 00:00;sweing;10;0,7;21,82;1591;3240;0;0;0;1;52;0,700251773
955;26/02/2015 00:00;sweing;2;0,7;30,33;398;6960;0;0;0;1;58;0,66237931
956;26/02/2015 00:00;finishing;12;0,8;4,6;NaN;3780;0;0;0;0;9;0,590617284
957;26/02/2015 00:00;finishing;2;0,7;3,9;NaN;960;0;0;0;0;8;0,5565625
958;26/02/2015 00:00;sweing;4;0,8;30,1;437;7080;32;0;0;2;59;0,495617514
959;26/02/2015 00:00;sweing;5;0,35;27,48;413;6840;38;0;0;1;57;0,449964912
960;26/02/2015 00:00;finishing;10;0,7;2,9;NaN;3360;0;0;0;0;8;0,410833333
961;26/02/2015 00:00;finishing;9;0,75;2,9;NaN;960;0;0;0;0;8;0,4078125
962;26/02/2015 00:00;sweing;1;0,35;26,66;1164;6600;23;0;0;2;55;0,378895152
963;26/02/2015 00:00;finishing;8;0,75;4,6;NaN;3360;0;0;0;0;8;0,376597222
964;26/02/2015 00:00;finishing;6;0,75;2,9;NaN;3360;0;0;0;0;8;0,271875
965;28/02/2015 00:00;finishing;3;0,8;4,6;NaN;6300;0;0;0;0;15;0,921703704
966;28/02/2015 00:00;finishing;5;0,8;4,6;NaN;7560;0;0;0;0;18;0,921604938
967;28/02/2015 00:00;sweing;11;0,8;11,61;954;0;50;0;0;2;58;0,800779018
968;28/02/2015 00:00;sweing;12;0,8;15,26;1194;1700;62;0;0;0;34;0,800260821
969;28/02/2015 00:00;sweing;7;0,8;30,1;644;840;38;0;0;1;59;0,799982853
970;28/02/2015 00:00;finishing;1;0,5;3,94;NaN;3360;0;0;0;0;8;0,768847222
971;28/02/2015 00:00;sweing;3;0,75;29,4;1144;4440;45;0;0;2;57;0,750716981
972;28/02/2015 00:00;sweing;6;0,75;18,79;1012;3960;45;0;0;0;33;0,75065101
973;28/02/2015 00:00;sweing;8;0,75;29,4;792;4560;56;0;0;2;58;0,750425926
974;28/02/2015 00:00;sweing;9;0,75;18,79;841;6240;45;0;0;1;52;0,750395513
975;28/02/2015 00:00;sweing;10;0,7;21,82;1448;6120;40;0;0;1;51;0,700236601
976;28/02/2015 00:00;sweing;2;0,7;30,33;512;4560;0;0;0;1;58;0,700211111
977;28/02/2015 00:00;finishing;12;0,8;4,6;NaN;3780;0;0;0;0;9;0,590617284
978;28/02/2015 00:00;finishing;2;0,7;3,9;NaN;960;0;0;0;0;8;0,5565625
979;28/02/2015 00:00;sweing;5;0,5;27,48;609;6840;30;0;0;1;57;0,550403509
980;28/02/2015 00:00;sweing;1;0,5;26,66;1448;6840;30;0;0;2;57;0,550349708
981;28/02/2015 00:00;sweing;4;0,5;26,66;556;6960;23;0;0;2;58;0,500258046
982;28/02/2015 00:00;finishing;10;0,7;2,9;NaN;3360;0;0;0;0;8;0,410833333
983;28/02/2015 00:00;finishing;9;0,75;2,9;NaN;960;0;0;0;0;8;0,4078125
984;28/02/2015 00:00;finishing;8;0,75;4,6;NaN;3360;0;0;0;0;8;0,376597222
985;28/02/2015 00:00;finishing;6;0,75;2,9;NaN;3360;0;0;0;0;8;0,271875
986;01/03/2015 00:00;finishing;3;0,8;4,6;NaN;10500;0;0;0;0;25;0,936355556
987;01/03/2015 00:00;finishing;8;0,75;4,6;NaN;3360;0;0;0;0;8;0,813611111
988;01/03/2015 00:00;sweing;12;0,8;15,26;1106;4080;63;0;0;0;34;0,800401961
989;01/03/2015 00:00;sweing;8;0,75;29,4;622;6240;56;0;0;0;57;0,75075
990;01/03/2015 00:00;sweing;6;0,75;18,79;1193;3960;45;0;0;0;33;0,75065101
991;01/03/2015 00:00;sweing;3;0,75;29,4;1143;6840;45;0;0;0;57;0,750473684
992;01/03/2015 00:00;sweing;9;0,75;18,79;895;6240;34;0;0;0;52;0,750395513
993;01/03/2015 00:00;sweing;5;0,6;27,48;549;6720;38;0;0;0;56;0,707446429
994;01/03/2015 00:00;sweing;10;0,7;21,82;1393;5640;30;0;0;0;52;0,700236601
995;01/03/2015 00:00;sweing;1;0,6;26,66;1578;6840;38;0;0;0;57;0,700019883
996;01/03/2015 00:00;sweing;2;0,7;30,33;254;1800;0;0;0;0;58;0,683550607
997;01/03/2015 00:00;sweing;11;0,8;11,61;347;0;50;4;20;0;57;0,682433036
998;01/03/2015 00:00;finishing;4;0,6;3,94;NaN;960;0;0;0;0;8;0,673083333
999;01/03/2015 00:00;finishing;10;0,7;2,9;NaN;3360;0;0;0;0;8;0,664583333
1000;01/03/2015 00:00;sweing;4;0,6;26,66;692;6840;23;0;0;0;57;0,600239766
1001;01/03/2015 00:00;finishing;2;0,7;3,9;NaN;960;0;0;0;0;8;0,585
1002;01/03/2015 00:00;sweing;7;0,8;30,1;934;6960;0;3,5;15;0;58;0,579511494
1003;01/03/2015 00:00;finishing;1;0,6;3,94;NaN;3360;0;0;0;0;8;0,448722222
1004;01/03/2015 00:00;finishing;9;0,75;2,9;NaN;960;0;0;0;0;8;0,447083333
1005;01/03/2015 00:00;finishing;7;0,8;4,6;NaN;3360;0;0;0;0;8;0,350416667
1006;02/03/2015 00:00;finishing;2;0,7;3,9;NaN;1200;0;0;0;0;10;0,92885
1007;02/03/2015 00:00;finishing;3;0,8;4,6;NaN;10080;0;0;0;0;24;0,86037037
1008;02/03/2015 00:00;finishing;4;0,65;3,94;NaN;960;0;0;0;0;8;0,806879167
1009;02/03/2015 00:00;sweing;1;0,65;26,66;1527;6840;65;0;0;0;57;0,800579532
1010;02/03/2015 00:00;sweing;12;0,8;15,26;1035;4080;63;0;0;0;34;0,800401961
1011;02/03/2015 00:00;finishing;9;0,75;2,9;NaN;1200;0;0;0;0;10;0,8004
1012;02/03/2015 00:00;sweing;11;0,8;11,61;632;0;50;0;0;0;57;0,800309211
1013;02/03/2015 00:00;sweing;3;0,8;29,4;1231;4680;50;0;0;0;57;0,800149813
1014;02/03/2015 00:00;sweing;7;0,8;30,1;616;7080;0;0;0;0;59;0,800115819
1015;02/03/2015 00:00;finishing;8;0,75;4,6;NaN;3360;0;0;0;0;8;0,773333333
1016;02/03/2015 00:00;sweing;6;0,75;18,79;947;2880;34;0;0;0;33;0,750797009
1017;02/03/2015 00:00;sweing;8;0,75;29,4;551;6840;45;0;0;0;57;0,750473684
1018;02/03/2015 00:00;sweing;9;0,75;18,79;935;6240;45;0;0;0;52;0,750395513
1019;02/03/2015 00:00;sweing;4;0,65;26,66;832;6780;55;0;0;0;57;0,750254867
1020;02/03/2015 00:00;sweing;5;0,65;27,48;544;6720;34;0;0;0;56;0,700903571
1021;02/03/2015 00:00;sweing;10;0,7;21,82;1511;3600;30;0;0;0;51;0,70013604
1022;02/03/2015 00:00;finishing;10;0,7;2,9;NaN;3360;0;0;0;0;8;0,632361111
1023;02/03/2015 00:00;finishing;12;0,8;4,6;NaN;3780;0;0;0;0;9;0,607654321
1024;02/03/2015 00:00;finishing;1;0,65;3,94;NaN;3360;0;0;0;0;8;0,537919444
1025;02/03/2015 00:00;finishing;7;0,8;4,6;NaN;3360;0;0;0;0;8;0,342361111
1026;03/03/2015 00:00;finishing;7;0,8;4,6;NaN;4200;0;0;0;0;10;0,999533333
1027;03/03/2015 00:00;finishing;3;0,8;4,6;NaN;6300;0;0;0;0;15;0,902962963
1028;03/03/2015 00:00;sweing;11;0,8;11,41;601;0;50;0;0;0;56;0,800701754
1029;03/03/2015 00:00;sweing;1;0,7;26,66;1562;6960;60;0;0;0;58;0,800566092
1030;03/03/2015 00:00;sweing;12;0,8;15,26;983;4080;50;0;0;0;34;0,800401961
1031;03/03/2015 00:00;sweing;3;0,8;29,4;1156;6840;50;0;0;0;57;0,800333333
1032;03/03/2015 00:00;sweing;7;0,8;30,1;29;7080;50;0;0;0;59;0,800115819
1033;03/03/2015 00:00;sweing;4;0,7;26,66;950;6960;50;0;0;0;58;0,750770115
1034;03/03/2015 00:00;sweing;8;0,75;29,4;534;6840;56;0;0;0;57;0,750473684
1035;03/03/2015 00:00;sweing;9;0,75;18,79;1096;6240;34;0;0;0;52;0,750395513
1036;03/03/2015 00:00;sweing;6;0,75;20,2;402;3120;45;0;0;0;33;0,750212553
1037;03/03/2015 00:00;finishing;8;0,75;4,6;NaN;3360;0;0;0;0;8;0,702777778
1038;03/03/2015 00:00;sweing;5;0,7;27,48;573;6840;30;0;0;0;57;0,700659649
1039;03/03/2015 00:00;sweing;10;0,7;21,82;1313;5040;30;0;0;0;51;0,699984417
1040;03/03/2015 00:00;finishing;12;0,8;4,6;NaN;3780;0;0;0;0;9;0,636049383
1041;03/03/2015 00:00;finishing;2;0,4;3,9;NaN;6300;0;0;0;0;15;0,567377778
1042;03/03/2015 00:00;finishing;1;0,7;3,94;NaN;3360;0;0;0;0;8;0,555430556
1043;03/03/2015 00:00;finishing;4;0,7;3,94;NaN;3360;0;0;0;0;8;0,555430556
1044;03/03/2015 00:00;finishing;10;0,7;2,9;NaN;3360;0;0;0;0;8;0,463194444
1045;03/03/2015 00:00;finishing;5;0,7;4,6;NaN;3360;0;0;0;0;8;0,354444444
1046;03/03/2015 00:00;finishing;6;0,75;2,9;NaN;3360;0;0;0;0;8;0,309333333
1047;03/03/2015 00:00;sweing;2;0,4;15,28;157;5400;0;6,5;30;1;45;0,30277037
1048;04/03/2015 00:00;finishing;3;0,8;4,6;NaN;1200;0;0;0;0;10;0,939166667
1049;04/03/2015 00:00;finishing;8;0,8;4,6;NaN;960;0;0;0;0;8;0,930416667
1050;04/03/2015 00:00;finishing;12;0,8;4,6;NaN;1080;0;0;0;0;9;0,885925926
1051;04/03/2015 00:00;finishing;9;0,75;2,9;NaN;960;0;0;0;0;8;0,83375
1052;04/03/2015 00:00;finishing;1;0,7;3,94;NaN;960;0;0;0;0;8;0,806879167
1053;04/03/2015 00:00;finishing;4;0,7;3,94;NaN;960;0;0;0;0;8;0,806058333
1054;04/03/2015 00:00;sweing;11;0,8;11,41;433;0;38;0;0;0;56;0,800701754
1055;04/03/2015 00:00;sweing;12;0,8;15,26;961;4080;50;0;0;0;34;0,800401961
1056;04/03/2015 00:00;sweing;3;0,8;29,4;1169;6840;63;0;0;0;57;0,800333333
1057;04/03/2015 00:00;sweing;7;0,8;30,1;874;3960;50;0;0;0;59;0,800055762
1058;04/03/2015 00:00;sweing;4;0,7;26,82;1028;6960;60;0;0;0;58;0,799975862
1059;04/03/2015 00:00;sweing;1;0,7;26,82;1772;6960;50;0;0;0;58;0,750651724
1060;04/03/2015 00:00;sweing;9;0,75;18,79;1206;6240;34;0;0;0;52;0,750395513
1061;04/03/2015 00:00;sweing;5;0,7;27,48;586;6960;40;0;0;0;58;0,700424138
1062;04/03/2015 00:00;sweing;10;0,7;21,82;1334;5760;30;0;0;0;53;0,700058333
1063;04/03/2015 00:00;finishing;7;0,8;4,6;NaN;8400;0;0;0;0;20;0,684888889
1064;04/03/2015 00:00;finishing;5;0,7;4,6;NaN;960;0;0;0;0;8;0,592083333
1065;04/03/2015 00:00;finishing;2;0,5;3,9;NaN;960;0;0;0;0;8;0,5403125
1066;04/03/2015 00:00;sweing;8;0,8;29,4;30;6840;0;0;0;0;57;0,433263158
1067;04/03/2015 00:00;sweing;2;0,5;15,28;261;5520;0;0;0;1;46;0,404144928
1068;04/03/2015 00:00;sweing;6;0,75;18,79;52;3960;0;0;0;0;33;0,332146465
1069;05/03/2015 00:00;finishing;8;0,8;4,6;NaN;2640;0;0;0;0;22;0,980984848
1070;05/03/2015 00:00;finishing;2;0,6;3,9;NaN;960;0;0;0;0;8;0,950625
1071;05/03/2015 00:00;finishing;11;0,8;2,9;NaN;1200;0;0;0;0;10;0,927291667
1072;05/03/2015 00:00;finishing;12;0,8;4,6;NaN;1080;0;0;0;0;9;0,868888889
1073;05/03/2015 00:00;finishing;1;0,7;3,94;NaN;960;0;0;0;0;8;0,812625
1074;05/03/2015 00:00;finishing;4;0,7;3,94;NaN;960;0;0;0;0;8;0,812625
1075;05/03/2015 00:00;finishing;3;0,8;4,6;NaN;1800;0;0;0;0;15;0,810111111
1076;05/03/2015 00:00;sweing;11;0,8;11,41;455;3420;50;0;0;0;56;0,800701754
1077;05/03/2015 00:00;sweing;3;0,8;29,4;797;1800;63;0;0;0;57;0,800534979
1078;05/03/2015 00:00;sweing;12;0,8;15,26;959;4080;50;0;0;0;34;0,800401961
1079;05/03/2015 00:00;sweing;1;0,7;26,82;1373;6960;50;0;0;0;58;0,750651724
1080;05/03/2015 00:00;sweing;9;0,75;18,79;1228;6240;45;0;0;0;52;0,750395513
1081;05/03/2015 00:00;sweing;4;0,7;26,82;1117;7080;50;0;0;0;59;0,750050847
1082;05/03/2015 00:00;sweing;5;0,7;27,48;230;6960;40;0;0;0;58;0,700424138
1083;05/03/2015 00:00;sweing;10;0,7;21,82;1390;6000;30;0;0;0;50;0,700422
1084;05/03/2015 00:00;sweing;2;0,6;15,28;529;1320;0;0;0;1;46;0,600099145
1085;05/03/2015 00:00;finishing;9;0,75;2,9;NaN;960;0;0;0;0;8;0,453125
1086;05/03/2015 00:00;sweing;7;0,8;30,1;834;1200;0;4;40;0;59;0,366053523
1087;05/03/2015 00:00;sweing;6;0,35;22,53;1450;2640;0;0;0;1;39;0,26369382
1088;07/03/2015 00:00;finishing;12;0,8;4,6;NaN;1080;0;0;0;0;9;0,868888889
1089;07/03/2015 00:00;sweing;12;0,8;15,26;986;4080;75;0;0;0;34;0,850520588
1090;07/03/2015 00:00;sweing;1;0,7;26,82;1267;8160;70;0;0;0;58;0,850045
1091;07/03/2015 00:00;finishing;7;0,8;4,6;NaN;6000;0;0;0;0;25;0,825444444
1092;07/03/2015 00:00;finishing;5;0,35;3,94;NaN;2400;0;0;0;0;10;0,80575
1093;07/03/2015 00:00;sweing;4;0,7;26,82;1195;6960;60;0;0;0;58;0,800746552
1094;07/03/2015 00:00;sweing;3;0,8;29,4;983;6840;63;0;0;1;57;0,800578947
1095;07/03/2015 00:00;sweing;11;0,8;11,41;471;3420;50;0;0;0;58;0,800034503
1096;07/03/2015 00:00;finishing;6;0,5;2,9;NaN;960;0;0;0;0;8;0,7975
1097;07/03/2015 00:00;sweing;9;0,75;18,79;1226;3480;45;0;0;0;51;0,749987124
1098;07/03/2015 00:00;sweing;10;0,7;21,82;1251;6000;30;0;0;0;50;0,700422
1099;07/03/2015 00:00;finishing;1;0,7;3,94;NaN;960;0;0;0;0;8;0,664875
1100;07/03/2015 00:00;finishing;4;0,7;3,94;NaN;960;0;0;0;0;8;0,664875
1101;07/03/2015 00:00;finishing;11;0,8;2,9;NaN;960;0;0;0;0;8;0,657083333
1102;07/03/2015 00:00;sweing;2;0,65;16,1;626;4200;0;0;0;1;45;0,65024031
1103;07/03/2015 00:00;finishing;8;0,8;4,6;NaN;3600;0;0;0;0;15;0,590740741
1104;07/03/2015 00:00;finishing;2;0,65;3,9;NaN;1920;0;0;0;0;8;0,528125
1105;07/03/2015 00:00;sweing;6;0,5;23,41;1379;2280;0;0;0;1;39;0,500528095
1106;07/03/2015 00:00;sweing;5;0,7;27,48;541;6960;24;0;0;1;58;0,408960345
1107;08/03/2015 00:00;finishing;3;0,8;4,6;NaN;1440;0;0;0;0;12;0,951944444
1108;08/03/2015 00:00;finishing;12;0,8;4,6;NaN;1080;0;0;0;0;9;0,945555556
1109;08/03/2015 00:00;finishing;9;0,75;2,9;NaN;1080;0;0;0;0;9;0,929074074
1110;08/03/2015 00:00;finishing;1;0,75;3,94;NaN;960;0;0;0;0;8;0,890604167
1111;08/03/2015 00:00;finishing;4;0,75;3,94;NaN;960;0;0;0;0;8;0,890604167
1112;08/03/2015 00:00;finishing;2;0,7;3,9;NaN;1200;0;0;0;0;10;0,884
1113;08/03/2015 00:00;finishing;5;0,5;3,94;NaN;960;0;0;0;0;8;0,857916667
1114;08/03/2015 00:00;sweing;4;0,75;26,82;1082;6840;65;0;0;0;57;0,850084211
1115;08/03/2015 00:00;sweing;1;0,75;26,82;1254;6960;65;0;0;0;58;0,85007069
1116;08/03/2015 00:00;sweing;3;0,8;30,1;1278;3360;50;0;0;1;57;0,800511068
1117;08/03/2015 00:00;sweing;12;0,8;15,26;1064;4080;63;0;0;0;34;0,800401961
1118;08/03/2015 00:00;sweing;11;0,8;11,41;313;3420;50;0;0;0;58;0,800034503
1119;08/03/2015 00:00;finishing;11;0,8;2,9;NaN;960;0;0;0;0;8;0,755208333
1120;08/03/2015 00:00;sweing;9;0,75;18,79;1239;5640;45;0;0;0;52;0,750371895
1121;08/03/2015 00:00;sweing;10;0,7;21,82;1335;6000;30;0;0;0;50;0,700422
1122;08/03/2015 00:00;sweing;2;0,7;16,1;928;4800;30;0;0;1;45;0,700106061
1123;08/03/2015 00:00;sweing;6;0,6;23,41;1266;2520;23;0;0;1;38;0,601037091
1124;08/03/2015 00:00;sweing;8;0,6;30,48;869;6720;0;0;0;1;56;0,600528571
1125;08/03/2015 00:00;sweing;5;0,5;26,82;711;7080;23;0;0;1;59;0,500033898
1126;08/03/2015 00:00;finishing;8;0,6;3,9;NaN;960;0;0;0;0;8;0,4509375
1127;08/03/2015 00:00;finishing;10;0,7;2,9;NaN;960;0;0;0;0;8;0,441041667
1128;08/03/2015 00:00;finishing;6;0,6;2,9;NaN;960;0;0;0;0;8;0,271875
1129;09/03/2015 00:00;finishing;11;0,8;2,9;NaN;0;960;0;0;0;8;0,960625
1130;09/03/2015 00:00;finishing;12;0,8;4,6;NaN;0;1080;0;0;0;9;0,902962963
1131;09/03/2015 00:00;finishing;5;0,6;3,94;NaN;0;2880;0;0;0;12;0,864342593
1132;09/03/2015 00:00;sweing;4;0,75;26,82;1079;7020;65;0;0;0;58;0,850446154
1133;09/03/2015 00:00;sweing;1;0,75;26,82;1322;7140;65;0;0;0;59;0,850426891
1134;09/03/2015 00:00;finishing;9;0,75;2,9;NaN;0;3600;0;0;0;15;0,841
1135;09/03/2015 00:00;sweing;3;0,8;30,1;964;5160;50;0;0;1;58;0,800842424
1136;09/03/2015 00:00;sweing;12;0,8;15,26;1132;4080;63;0;0;0;34;0,800401961
1137;09/03/2015 00:00;sweing;11;0,8;11,41;357;3420;50;0;0;0;58;0,800034503
1138;09/03/2015 00:00;finishing;3;0,8;4,6;NaN;0;1440;0;0;0;12;0,795416667
1139;09/03/2015 00:00;finishing;4;0,75;3,94;NaN;0;960;0;0;0;8;0,7953875
1140;09/03/2015 00:00;finishing;1;0,75;3,94;NaN;0;960;0;0;0;8;0,794566667
1141;09/03/2015 00:00;sweing;9;0,75;18,79;1193;6240;45;0;0;0;52;0,750395513
1142;09/03/2015 00:00;sweing;2;0,7;16,1;817;5520;30;0;0;1;45;0,700516224
1143;09/03/2015 00:00;sweing;10;0,7;21,82;1576;6000;30;0;0;0;50;0,700422
1144;09/03/2015 00:00;finishing;2;0,7;3,9;NaN;0;1200;0;0;0;10;0,6825
1145;09/03/2015 00:00;sweing;6;0,65;23,41;1262;4560;35;0;0;1;38;0,650962281
1146;09/03/2015 00:00;sweing;8;0,65;30,48;953;6720;26;0;0;1;56;0,650421429
1147;09/03/2015 00:00;sweing;5;0,6;26,82;919;7080;23;0;0;1;59;0,600040678
1148;09/03/2015 00:00;sweing;7;0,5;30,48;1161;6600;0;0;0;1;55;0,500610909
1149;09/03/2015 00:00;finishing;10;0,7;2,9;NaN;0;960;0;0;0;8;0,477291667
1150;09/03/2015 00:00;finishing;8;0,65;3,9;NaN;0;960;0;0;0;8;0,2640625
1151;10/03/2015 00:00;finishing;12;0,8;4,6;NaN;1080;0;0;0;0;9;0,92
1152;10/03/2015 00:00;finishing;5;0,6;3,94;NaN;1440;0;0;0;0;12;0,909391667
1153;10/03/2015 00:00;sweing;1;0,75;26,82;1574;7080;75;0;0;0;59;0,900061017
1154;10/03/2015 00:00;finishing;3;0,8;4,6;NaN;1440;0;0;0;0;12;0,894444444
1155;10/03/2015 00:00;finishing;4;0,75;3,94;NaN;960;0;0;0;0;8;0,881575
1156;10/03/2015 00:00;finishing;1;0,75;3,94;NaN;960;0;0;0;0;8;0,880754167
1157;10/03/2015 00:00;sweing;4;0,75;26,82;1104;5880;65;0;0;0;59;0,850084211
1158;10/03/2015 00:00;finishing;9;0,75;2,9;NaN;1800;0;0;0;0;15;0,821666667
1159;10/03/2015 00:00;sweing;12;0,8;15,26;1069;4080;63;0;0;0;34;0,800401961
1160;10/03/2015 00:00;sweing;3;0,8;30,1;756;6960;63;0;0;1;58;0,800071839
1161;10/03/2015 00:00;sweing;11;0,8;11,41;338;3420;50;0;0;0;58;0,800034503
1162;10/03/2015 00:00;finishing;11;0,8;2,9;NaN;960;0;0;0;0;8;0,758229167
1163;10/03/2015 00:00;sweing;10;0,75;21,82;1499;6000;34;0;0;0;50;0,750608
1164;10/03/2015 00:00;sweing;9;0,75;18,79;1247;6240;45;0;0;0;52;0,750395513
1165;10/03/2015 00:00;finishing;2;0,7;3,9;NaN;960;0;0;0;0;8;0,741
1166;10/03/2015 00:00;sweing;8;0,7;30,48;923;6840;30;0;0;1;57;0,700505263
1167;10/03/2015 00:00;sweing;6;0,7;23,41;1180;4560;30;0;0;1;38;0,700246491
1168;10/03/2015 00:00;sweing;2;0,7;16,1;957;5400;40;0;0;1;45;0,700051852
1169;10/03/2015 00:00;sweing;5;0,65;26,82;1001;7080;26;0;0;1;59;0,650044068
1170;10/03/2015 00:00;sweing;7;0,6;30,48;1017;6840;25;0;0;1;57;0,630402924
1171;10/03/2015 00:00;finishing;8;0,65;3,9;NaN;960;0;0;0;0;8;0,560625
1172;10/03/2015 00:00;finishing;7;0,5;3,9;NaN;960;0;0;0;0;8;0,560625
1173;10/03/2015 00:00;finishing;10;0,7;2,9;NaN;960;0;0;0;0;8;0,39875
1174;11/03/2015 00:00;finishing;12;0,8;4,6;NaN;2160;0;0;0;0;9;0,922839506
1175;11/03/2015 00:00;finishing;11;0,8;2,9;NaN;2400;0;0;0;0;10;0,874027778
1176;11/03/2015 00:00;finishing;2;0,75;3,9;NaN;1920;0;0;0;0;8;0,819270833
1177;11/03/2015 00:00;finishing;4;0,75;3,94;NaN;1920;0;0;0;0;8;0,813309028
1178;11/03/2015 00:00;finishing;1;0,75;3,94;NaN;1920;0;0;0;0;8;0,812625
1179;11/03/2015 00:00;sweing;12;0,8;15,26;470;4080;63;0;0;0;34;0,800401961
1180;11/03/2015 00:00;sweing;3;0,8;30,1;735;6960;63;0;0;1;58;0,800071839
1181;11/03/2015 00:00;sweing;11;0,8;11,41;560;3420;50;0;0;0;58;0,800034503
1182;11/03/2015 00:00;finishing;3;0,8;4,6;NaN;1920;0;0;0;0;8;0,786631944
1183;11/03/2015 00:00;finishing;5;0,7;3,94;NaN;1440;0;0;0;0;12;0,75885
1184;11/03/2015 00:00;sweing;10;0,75;21,82;1674;6000;34;0;0;0;50;0,750608
1185;11/03/2015 00:00;sweing;9;0,75;18,79;290;5040;45;0;0;0;52;0,750347333
1186;11/03/2015 00:00;sweing;2;0,75;16,1;971;5400;45;0;0;1;45;0,750140741
1187;11/03/2015 00:00;sweing;1;0,75;26,82;1322;7080;45;0;0;0;59;0,750050847
1188;11/03/2015 00:00;sweing;4;0,75;26,82;1054;7080;45;0;0;0;59;0,750050847
1189;11/03/2015 00:00;sweing;5;0,7;26,82;992;6960;30;0;0;1;58;0,700556897
1190;11/03/2015 00:00;sweing;8;0,7;30,48;914;6840;30;0;0;1;57;0,700505263
1191;11/03/2015 00:00;sweing;6;0,7;23,41;1128;4560;40;0;0;1;38;0,700246491
1192;11/03/2015 00:00;sweing;7;0,65;30,48;935;6840;26;0;0;1;57;0,650596491
1193;11/03/2015 00:00;finishing;10;0,75;2,9;NaN;960;0;0;0;0;8;0,628333333
1194;11/03/2015 00:00;finishing;8;0,7;3,9;NaN;960;0;0;0;0;8;0,625625
1195;11/03/2015 00:00;finishing;7;0,65;3,9;NaN;960;0;0;0;0;8;0,625625
1196;11/03/2015 00:00;finishing;9;0,75;2,9;NaN;1800;0;0;0;0;15;0,505888889
1197;11/03/2015 00:00;finishing;6;0,7;2,9;NaN;720;0;0;0;0;6;0,394722222
